VendorID,passenger_count,trip_distance,RatecodeID,store_and_fwd_flag,PULocationID,DOLocationID,payment_type,fare_amount,extra,mta_tax,tip_amount,tolls_amount,improvement_surcharge,total_amount,duration,is_weekend
2,2,4.72,1,N,234,65,1,19.5,0.5,0.5,4.16,0,0.3,24.96,22.966666666666665,0
2,6,2.21,1,N,142,236,1,10,0.5,0.5,2.26,0,0.3,13.56,11.416666666666666,1
2,2,0.97,1,N,237,162,1,6,0,0.5,1.36,0,0.3,8.16,5.816666666666666,0
2,3,1.8,1,N,13,209,1,8.5,0,0.5,1.86,0,0.3,11.16,8.383333333333333,0
2,3,1.45,1,N,233,140,1,8.5,0,0.5,1.86,0,0.3,11.16,11,0
2,1,0.5,1,N,162,161,1,9,0,0.5,1.96,0,0.3,11.76,13.683333333333334,0
2,1,1.88,1,N,68,50,1,7.5,0.5,0.5,1.76,0,0.3,10.56,5.766666666666667,0
2,1,2.21,1,N,41,239,1,10.5,0,0.5,3.39,0,0.3,14.69,11.3,1
2,2,1.7,1,N,230,90,1,12.5,0.5,0.5,2.76,0,0.3,16.56,18.566666666666666,1
2,1,0.67,1,N,170,162,1,5,0,0.5,1.16,0,0.3,6.96,4.866666666666666,0
1,1,4.5,1,N,41,229,1,18.5,0,0.5,3.85,0,0.3,23.15,23.366666666666667,1
1,1,2.9,1,N,48,75,1,11,0.5,0.5,2.45,0,0.3,14.75,10.816666666666666,0
1,1,0.9,1,N,239,238,1,6,0,0.5,1.7,0,0.3,8.5,5.466666666666667,0
1,4,9.6,1,N,166,88,1,31.5,0,0.5,10,0,0.3,42.3,30.383333333333333,0
2,5,1.01,1,N,170,161,1,7.5,0,0.5,1.66,0,0.3,9.96,9.383333333333333,0
2,1,17.2,2,N,161,132,1,52,0,0.5,11.71,5.76,0.3,70.27,43.666666666666664,0
1,1,1.7,1,N,48,249,1,9,0,0.5,1,0,0.3,10.8,10.85,1
1,1,0.9,1,N,233,141,1,5,0,0.5,1.45,0,0.3,7.25,3.7333333333333334,1
2,1,3.23,1,N,263,137,1,12.5,0.5,0.5,2.76,0,0.3,16.56,12.683333333333334,0
2,1,2.14,1,N,90,144,1,11.5,0,0.5,2.46,0,0.3,14.76,15.166666666666666,1
1,1,1.7,1,N,233,141,1,8,0.5,0.5,1,0,0.3,10.3,7.733333333333333,0
2,1,1.86,1,N,142,238,1,7.5,0.5,0.5,2.2,0,0.3,11,6.633333333333334,1
2,6,2.09,1,N,48,239,1,10.5,0.5,0.5,2.36,0,0.3,14.16,12.966666666666667,0
2,5,1.31,1,N,107,79,1,6.5,0.5,0.5,1.95,0,0.3,9.75,5.15,0
2,1,2.62,1,N,246,144,1,12.5,0,0.5,1.33,0,0.3,14.63,14.316666666666666,0
2,1,0.8,1,N,142,143,1,7,0,0.5,1,0,0.3,8.8,7.85,0
1,1,0.8,1,N,170,161,1,7.5,0,0.5,2.05,0,0.3,10.35,9.266666666666667,0
2,1,3.42,1,N,90,141,1,16,0.5,0.5,3.46,0,0.3,20.76,22.516666666666666,1
2,2,10.66,1,N,186,138,1,42,0,0.5,0.7,5.76,0.3,49.26,53.666666666666664,0
2,6,6.46,1,N,237,88,1,22.5,0,0.5,4.66,0,0.3,27.96,21.866666666666667,0
2,1,0.82,1,N,113,249,1,4.5,0,0.5,1.06,0,0.3,6.36,3.966666666666667,1
2,2,18.49,2,N,132,162,1,52,0,0.5,10.56,0,0.3,63.36,38.86666666666667,0
2,1,18.56,2,N,132,90,1,52,0,0.5,5,5.76,0.3,63.56,73.76666666666667,0
2,1,4.67,1,N,87,112,1,17,0.5,0.5,3.66,0,0.3,21.96,16.783333333333335,1
1,1,1.2,1,N,113,164,1,7.5,0.5,0.5,1.75,0,0.3,10.55,8.333333333333334,1
2,1,10.47,1,N,74,13,1,33.5,0,0.5,8.58,0,0.3,42.88,35.75,0
1,1,4.3,1,N,142,226,1,14.5,0,0.5,4.55,0,0.3,19.85,13.883333333333333,0
1,1,0.8,1,N,239,238,1,4.5,0.5,0.5,1.15,0,0.3,6.95,3.5,0
1,2,1.2,1,N,162,140,1,6.5,0,0.5,1,0,0.3,8.3,6.7,0
2,2,1.53,1,N,239,151,1,7.5,0,0.5,1,0,0.3,9.3,8.016666666666667,1
1,1,4.1,1,N,125,237,1,20,0.5,0.5,4.25,0,0.3,25.55,30.383333333333333,0
2,1,3.28,1,N,237,234,1,16.5,0,0.5,3.46,0,0.3,20.76,22.966666666666665,0
2,1,0.47,1,N,137,164,1,4,0,0.5,0.5,0,0.3,5.3,3.2,0
1,1,0.7,1,N,236,262,1,5,0.5,0.5,0.95,0,0.3,7.25,4.116666666666666,1
2,1,6.02,1,N,68,166,1,22,0.5,0.5,4.66,0,0.3,27.96,20.533333333333335,0
2,1,4.49,1,N,263,79,1,15,0.5,0.5,3.26,0,0.3,19.56,13.35,0
2,6,1.85,1,N,161,237,1,8,0.5,0.5,2.32,0,0.3,11.62,7.766666666666667,1
2,1,1.24,1,N,162,170,1,6,0.5,0.5,1.46,0,0.3,8.76,5.2,0
1,1,0.6,1,N,142,163,1,6.5,0,0.5,1.5,0,0.3,8.8,7.9,0
2,1,8.99,1,N,164,138,1,28.5,0,0.5,7.01,5.76,0.3,42.07,24.55,0
1,1,1.1,1,N,234,230,1,11,0,0.5,1.77,0,0.3,13.57,17.066666666666666,0
2,3,1.29,1,N,107,114,1,7.5,0,0.5,1,0,0.3,9.3,8.166666666666666,0
1,1,2.2,1,N,239,236,1,12.5,0,0.5,2.65,0,0.3,15.95,16.85,0
2,5,6.91,1,N,82,186,1,28.5,0,0.5,7.32,0,0.3,36.62,36.583333333333336,1
2,1,2.94,1,N,151,163,1,12,0,0.5,2.56,0,0.3,15.36,12.583333333333334,0
1,2,1.2,1,N,164,224,1,7.5,0.5,0.5,1.75,0,0.3,10.55,9,1
2,1,1.29,1,N,163,143,1,7,0.5,0.5,2,0,0.3,10.3,7.45,0
1,1,2.8,1,N,68,45,1,13.5,0,0.5,2.85,0,0.3,17.15,16.25,1
2,6,8.08,1,N,138,170,1,26,0,0.5,6.51,5.76,0.3,39.07,23.15,0
2,1,4.64,1,N,90,145,1,16.5,0.5,0.5,3.56,0,0.3,21.36,17.05,1
1,1,4.3,1,N,164,256,1,18,0.5,0.5,3.85,0,0.3,23.15,22.466666666666665,0
2,2,2.96,1,N,255,146,1,11,0.5,0.5,2.46,0,0.3,14.76,10.75,0
1,1,0.6,1,N,164,170,1,5,0,0.5,0.87,0,0.3,6.67,4.4,0
1,1,2.2,1,N,236,239,1,10,0,0.5,1.08,0,0.3,11.88,10.283333333333333,0
2,1,2.54,1,N,161,68,1,10,0.5,0.5,3,0,0.3,14.3,10.133333333333333,0
1,1,4,1,N,262,68,1,15.5,0,0.5,2,0,0.3,18.3,18.283333333333335,0
2,1,1.37,1,N,161,234,1,6.5,0.5,0.5,1.95,0,0.3,9.75,5.933333333333334,0
2,6,1.64,1,N,164,90,1,8,0.5,0.5,1.86,0,0.3,11.16,8.85,0
2,1,1.34,1,N,230,163,1,9.5,0,0.5,2.06,0,0.3,12.36,13.15,0
2,6,3.01,1,N,170,232,1,11,0.5,0.5,2.46,0,0.3,14.76,9.55,0
2,1,2.39,1,N,246,161,1,16,0,0.5,4.2,0,0.3,21,25.433333333333334,0
1,1,3.3,1,N,50,151,1,11.5,0,0.5,3.65,0,0.3,15.95,8.583333333333334,1
2,1,1.98,1,N,236,162,1,13,0,0.5,2.76,0,0.3,16.56,19.8,0
1,1,8.5,1,N,138,68,1,26,0.5,0.5,6.94,5.76,0.3,40,22.283333333333335,0
2,1,1.68,1,N,151,75,1,9.5,0,0.5,2.06,0,0.3,12.36,11.333333333333334,0
1,1,2.8,1,N,239,162,1,20.5,0,0.5,4.25,0,0.3,25.55,32.86666666666667,0
1,1,0.8,1,N,162,229,1,6.5,0,0.5,2,0,0.3,9.3,7.65,0
2,1,3.08,1,N,48,79,1,17.5,0.5,0.5,3.76,0,0.3,22.56,25.066666666666666,0
2,4,2.62,1,N,162,90,1,13,0.5,0.5,2.86,0,0.3,17.16,17.95,1
2,1,2.57,1,N,234,231,1,13,0,0.5,4.14,0,0.3,17.94,18.283333333333335,0
2,1,2.99,1,N,107,145,1,16.5,0,0.5,4.61,5.76,0.3,27.67,25.1,1
2,6,10.02,1,N,211,138,1,33.5,0,0.5,4.7,0,0.3,39,41.766666666666666,0
1,1,1.4,1,N,142,239,1,8,0,0.5,1.75,0,0.3,10.55,9.116666666666667,0
1,1,1.2,1,N,186,50,1,9.5,0,0.5,2.05,0,0.3,12.35,13.45,0
1,2,1.3,1,N,163,237,1,7.5,0,0.5,1.65,0,0.3,9.95,8.15,1
1,3,18,2,N,132,48,1,52,0,0.5,7,5.76,0.3,65.56,63.03333333333333,0
1,1,3.6,1,N,50,231,1,15,0,0.5,2.37,0,0.3,18.17,19.35,1
2,1,4.2,1,N,161,87,1,18.5,0,0.5,3.86,0,0.3,23.16,25.816666666666666,0
2,1,1.59,1,N,107,163,1,9.5,0.5,0.5,2.16,0,0.3,12.96,12.1,0
2,1,0.93,1,N,249,79,1,8.5,0,0.5,1.86,0,0.3,11.16,11.533333333333333,1
2,2,1.59,1,N,246,170,1,11,0,0.5,2.36,0,0.3,14.16,15.883333333333333,0
2,2,2.89,1,N,43,186,1,13,0,0.5,2.76,0,0.3,16.56,16.933333333333334,1
2,1,9.56,1,N,138,17,1,27.5,0.5,0.5,5.76,0,0.3,34.56,20.533333333333335,1
2,1,1.41,1,N,100,137,1,7.5,0,0.5,1.66,0,0.3,9.96,8.3,1
1,1,1.3,1,N,237,170,1,9.5,0.5,0.5,2.15,0,0.3,12.95,13.25,0
1,1,0.8,1,N,237,161,1,5,0,0.5,1.15,0,0.3,6.95,4.216666666666667,0
1,2,1.9,1,N,142,161,1,13,0.5,0.5,3,0,0.3,17.3,20.333333333333332,0
1,4,18.2,3,N,161,1,1,68,0,0,22.2,20.5,0.3,111,33.61666666666667,1
2,6,0.9,1,N,237,162,1,6.5,0,0.5,1.46,0,0.3,8.76,6.416666666666667,0
2,1,4.99,1,N,234,146,1,18,0.5,0.5,3.86,0,0.3,23.16,20.166666666666668,1
1,1,8.7,1,N,138,236,1,26.5,0.5,0.5,6.7,5.76,0.3,40.26,19.95,1
1,1,3.1,1,N,100,231,1,12.5,0.5,0.5,3.45,0,0.3,17.25,14.95,0
1,1,0.8,1,Y,141,236,1,5,0.5,0.5,1,0,0.3,7.3,3.45,0
2,6,0.79,1,N,231,144,1,6.5,0,0.5,1.82,0,0.3,9.12,7.916666666666667,0
1,1,5.6,1,N,88,257,1,19.5,0.5,0.5,6.6,5.76,0.3,33.16,21.516666666666666,0
2,1,0.7,1,N,158,113,1,5,0,0.5,0.58,0,0.3,6.38,5.283333333333333,1
1,2,0.5,1,N,164,234,1,4,0,0.5,0.72,0,0.3,5.52,2.466666666666667,0
1,1,2.6,1,Y,232,233,1,14,0.5,0.5,3.05,0,0.3,18.35,19.9,1
2,5,1.36,1,N,48,68,1,6.5,0,0.5,1,0,0.3,8.3,6.2,0
1,1,2.3,1,N,75,142,1,9.5,0,0.5,1.5,0,0.3,11.8,9.766666666666667,0
2,3,1.1,1,N,238,239,1,6.5,0,0.5,1.46,0,0.3,8.76,5.75,1
2,2,8.84,1,N,132,196,1,29,0,0.5,3,0,0.3,32.8,27.383333333333333,1
1,2,1.5,1,N,164,163,1,8,0.5,0.5,1.85,0,0.3,11.15,9.033333333333333,1
2,1,15.15,1,N,138,87,1,43.5,0,0.5,10.01,5.76,0.3,60.07,35.88333333333333,0
2,2,1.08,1,N,230,233,1,9.5,0,0.5,2,0,0.3,12.3,13.5,0
2,1,2.24,1,N,234,163,1,14.5,0,0.5,3.06,0,0.3,18.36,23.55,0
2,1,3.32,1,N,186,114,1,17,0,0.5,3,0,0.3,20.8,23.333333333333332,1
2,1,0.45,1,N,263,262,1,3.5,0,0.5,0.86,0,0.3,5.16,1.85,1
1,1,2.1,1,N,137,140,1,9.5,0,0.5,1.5,0,0.3,11.8,11.5,0
1,1,0.7,1,N,237,161,1,5.5,0,0.5,1.25,0,0.3,7.55,5.4,0
2,1,0.5,1,N,100,48,1,4.5,0,0.5,1.32,0,0.3,6.62,4.116666666666666,0
2,2,1.85,1,N,137,246,1,9.5,0,0.5,2.06,0,0.3,12.36,12.116666666666667,0
2,1,2.52,1,N,166,142,1,13.5,0,0.5,3.58,0,0.3,17.88,17.683333333333334,0
2,6,1.83,1,N,140,236,1,13,0,0.5,2.76,0,0.3,16.56,20.533333333333335,0
2,1,3.07,1,N,236,48,1,18.5,0,0.5,2.9,0,0.3,22.2,1436.4333333333334,0
1,1,0.7,1,N,148,79,1,5.5,0,0.5,0.5,0,0.3,6.8,5.4,1
1,2,1.3,1,N,151,143,1,8.5,0,0.5,1.86,0,0.3,11.16,9.333333333333334,1
1,1,0.7,1,N,113,234,1,5,0,0.5,0.87,0,0.3,6.67,4.216666666666667,1
2,5,1.99,1,N,231,4,1,9,0.5,0.5,2.06,0,0.3,12.36,9.833333333333334,0
1,1,3.7,1,N,13,234,1,14,0,0.5,1.5,0,0.3,16.3,14.716666666666667,1
1,1,0.5,1,N,236,236,1,4.5,0,0.5,0.79,0,0.3,6.09,3.966666666666667,0
1,1,3.8,1,N,125,52,1,14.5,0.5,0.5,2,0,0.3,17.8,18.683333333333334,1
2,1,1.68,1,N,158,13,1,7.5,0.5,0.5,1.76,0,0.3,10.56,7.216666666666667,0
2,1,0.68,1,N,239,238,1,4,0,0.5,1,0,0.3,5.8,2.2333333333333334,0
2,6,1.38,1,N,142,48,1,6.5,0.5,0.5,1.56,0,0.3,9.36,5.333333333333333,0
1,2,0.5,1,N,141,237,1,4,0,0.5,2,0,0.3,6.8,2.45,0
1,1,3.5,1,N,246,238,1,13,0.5,0.5,2.85,0,0.3,17.15,12.9,0
2,1,0.92,1,N,107,233,1,6,0,0.5,1.36,0,0.3,8.16,6.183333333333334,0
1,1,4.3,1,N,236,234,1,24,0,0.5,4.95,0,0.3,29.75,38.083333333333336,0
1,3,0.7,1,N,79,137,1,6,0.5,0.5,1.45,0,0.3,8.75,5.633333333333334,0
2,1,0.81,1,N,141,229,1,6,0,0.5,1.36,0,0.3,8.16,6.333333333333333,0
2,1,0.96,1,N,249,79,1,6.5,0.5,0.5,1.56,0,0.3,9.36,7.683333333333334,0
2,1,15.77,2,N,170,132,1,52,0,0.5,11.71,5.76,0.3,70.27,23.583333333333332,0
2,1,1.98,1,N,158,79,1,10,0.5,0.5,2.26,0,0.3,13.56,14.583333333333334,0
1,1,20,2,N,238,132,1,52,0,0.5,8.78,5.76,0.3,67.34,54.4,1
2,1,2.04,1,N,142,236,1,10,0,0.5,1.62,0,0.3,12.42,12.2,0
1,1,19.3,2,N,132,236,1,52,0,0.5,11.7,5.76,0.3,70.26,31.2,0
2,1,0.9,1,N,137,164,1,12,0,0.5,2.56,0,0.3,15.36,19.466666666666665,0
1,1,0.6,1,N,238,239,1,4,0,0.5,1.2,0,0.3,6,2.683333333333333,0
2,1,1.3,1,N,211,87,1,6.5,0.5,0.5,1.56,0,0.3,9.36,6.85,0
2,1,1.35,1,N,161,142,1,8,0,0.5,2,0,0.3,10.8,10.25,0
1,1,1.9,1,N,42,168,1,9.5,0.5,0.5,2,0,0.3,12.8,10.433333333333334,1
1,4,0.9,1,N,230,246,1,7.5,0,0.5,2.45,0,0.3,10.75,8.683333333333334,0
2,5,1.61,1,N,237,262,1,7.5,0,0.5,2.08,0,0.3,10.38,7.7,0
2,1,1.35,1,N,68,68,1,5.5,0,0.5,1.58,0,0.3,7.88,5.133333333333334,0
1,1,0.6,1,N,90,234,1,6.5,0,0.5,1.8,0,0.3,9.1,8.133333333333333,1
2,1,17.76,2,N,132,79,1,52,0,0.5,11.71,5.76,0.3,70.27,38.833333333333336,0
1,1,5.1,1,N,233,255,1,18.5,0,0.5,3.85,0,0.3,23.15,21.266666666666666,1
2,1,3.58,1,N,68,148,1,14.5,0.5,0.5,2,0,0.3,17.8,18.166666666666668,0
2,2,2.03,1,N,43,234,1,9,0.5,0.5,2.06,0,0.3,12.36,10.15,0
2,1,0.56,1,N,249,158,1,4,0.5,0.5,1.06,0,0.3,6.36,2.9166666666666665,0
2,1,0.87,1,N,140,237,1,5.5,0,0.5,1.26,0,0.3,7.56,5.316666666666666,1
1,1,1.5,1,N,161,50,1,10.5,0,0.5,2.8,0,0.3,14.1,15.916666666666666,1
1,1,1.9,1,N,164,163,1,10.5,0,0.5,2.25,0,0.3,13.55,14.116666666666667,1
1,1,2.1,1,N,194,42,1,11.5,0,0.5,3.6,5.76,0.3,21.66,15.05,1
1,1,1.1,1,N,162,137,1,6.5,0,0.5,2.15,0,0.3,9.45,7.133333333333334,0
2,1,0.99,1,N,211,148,1,6,0.5,0.5,1.46,0,0.3,8.76,5.6,0
2,1,1.68,1,N,230,170,1,8.5,0.5,0.5,1.96,0,0.3,11.76,9.433333333333334,0
1,4,2,1,N,148,87,1,10,0.5,0.5,2.25,0,0.3,13.55,12.216666666666667,1
2,1,2.12,1,N,237,239,1,11,0,0.5,1,0,0.3,12.8,13.9,1
2,1,0.73,1,N,239,238,1,5.5,0.5,0.5,0.68,0,0.3,7.48,4.516666666666667,0
1,1,6.9,1,N,137,42,1,20.5,0,0.5,3.5,0,0.3,24.8,13.55,1
1,1,7.6,1,N,48,33,1,24,0.5,0.5,6.2,5.76,0.3,37.26,22.083333333333332,0
1,1,3.9,1,N,164,238,1,15,0.5,0.5,1.63,0,0.3,17.93,18.366666666666667,0
1,1,5.6,1,N,142,13,1,20.5,0.5,0.5,4.35,0,0.3,26.15,19.866666666666667,1
1,1,1.5,1,N,107,249,1,7.5,0.5,0.5,1.76,0,0.3,10.56,7.8,0
2,1,9.38,1,N,230,65,1,33,0.5,0.5,6.86,0,0.3,41.16,41.266666666666666,1
1,1,3,1,N,238,161,1,16,0,0.5,2,0,0.3,18.8,22.983333333333334,0
2,5,3.19,1,N,13,246,1,12.5,0,0.5,3.99,0,0.3,17.29,11.966666666666667,0
1,1,3.4,1,N,107,236,1,14.5,0.5,0.5,3.95,0,0.3,19.75,18.05,0
2,1,4.36,1,N,249,255,1,19,0.5,0.5,4.75,0,0.3,25.05,28.166666666666668,1
2,1,0.37,1,N,237,237,1,8,0,0.5,1.76,0,0.3,10.56,11.35,0
2,1,0.62,1,N,141,229,1,4,0.5,0.5,1.32,0,0.3,6.62,2.783333333333333,0
1,2,1.5,1,N,114,186,1,10.5,0.5,0.5,2.35,0,0.3,14.15,14.366666666666667,1
1,1,2.9,1,N,230,79,1,12,0.5,0.5,2.65,0,0.3,15.95,13.416666666666666,0
1,4,1.5,1,N,166,74,1,10.5,0,0.5,2,0,0.3,13.3,14.816666666666666,0
1,1,0.9,1,N,170,100,1,9.5,0,0.5,1.5,0,0.3,11.8,14.7,0
1,1,1.8,1,N,90,230,1,9.5,0,0.5,2.58,0,0.3,12.88,11.066666666666666,0
2,1,0.55,1,N,234,107,1,5,0.5,0.5,1.26,0,0.3,7.56,4.1,1
2,3,9.4,1,N,186,138,1,36.5,0,0.5,8.61,5.76,0.3,51.67,43.083333333333336,0
2,1,1.43,1,N,239,263,1,10,0,0.5,2.16,0,0.3,12.96,13.216666666666667,0
2,5,0.36,1,N,158,249,1,4.5,0.5,0.5,1.16,0,0.3,6.96,4.5,1
2,1,7.39,1,N,189,230,1,27.5,0,0.5,4,0,0.3,32.3,33.88333333333333,1
2,3,13.02,1,N,233,138,1,37,0,0.5,8.71,5.76,0.3,52.27,28.916666666666668,0
2,5,6.43,1,N,79,7,1,24,0,0.5,4.96,0,0.3,29.76,27.516666666666666,1
2,2,0.55,1,N,161,163,1,4,0,0.5,0.96,0,0.3,5.76,2.9833333333333334,0
1,1,1.4,1,N,141,140,1,7.5,0.5,0.5,1,0,0.3,9.8,6.8,0
2,1,3.2,1,N,148,164,1,13.5,0,0.5,2.86,0,0.3,17.16,16.333333333333332,1
1,1,4.2,1,N,4,255,1,16.5,0.5,0.5,3.55,0,0.3,21.35,18.05,0
2,1,2.84,1,N,236,143,1,15,0,0.5,3.16,0,0.3,18.96,21.633333333333333,0
2,6,0.98,1,N,234,137,1,6,0.5,0.5,1.46,0,0.3,8.76,5.366666666666666,0
1,1,1.2,1,N,229,162,1,7.5,0,0.5,1.7,0,0.3,10,9.166666666666666,0
1,2,14.2,1,N,138,88,1,45.5,0,0,12.85,5.76,0.3,64.41,52.61666666666667,0
2,1,2.91,1,N,164,170,1,11.5,0.5,0.5,3.71,5.76,0.3,22.27,11.583333333333334,1
1,1,5.8,1,N,164,80,1,20,0.5,0.5,4.25,0,0.3,25.55,18.533333333333335,1
1,1,0.9,1,N,141,162,1,5.5,0,0.5,0.7,0,0.3,7,5.133333333333334,0
2,1,0.93,1,N,263,237,1,5,0.5,0.5,1.26,0,0.3,7.56,3.4833333333333334,0
2,2,0.43,1,N,237,236,1,3.5,0,0.5,0.86,0,0.3,5.16,1.3166666666666667,0
1,1,1,1,N,13,88,1,7,0,0.5,2.3,0,0.3,10.1,7.266666666666667,0
2,1,4.18,1,N,140,148,1,17,0.5,0.5,1.83,0,0.3,20.13,18.483333333333334,1
2,1,1.56,1,N,170,79,1,9,0.5,0.5,2.06,0,0.3,12.36,11.266666666666667,1
1,1,1.2,1,N,230,142,1,6.5,0,0.5,2.7,0,0.3,10,5.966666666666667,0
2,2,3.59,1,N,239,234,1,17.5,0,0.5,3.66,0,0.3,21.96,25.7,0
2,5,0.73,1,N,262,263,1,5,0.5,0.5,1.58,0,0.3,7.88,4.033333333333333,0
1,1,2.7,1,N,161,249,1,16,0.5,0.5,3.7,0,0.3,21,24.2,1
1,1,1.1,1,N,230,186,1,6.5,0,0.5,1.45,0,0.3,8.75,6.75,1
2,2,10.66,1,N,231,223,1,30,0.5,0.5,7.82,0,0.3,39.12,18.85,0
2,1,0.54,1,N,100,186,1,6,0,0.5,1.36,0,0.3,8.16,7.033333333333333,0
2,1,1.94,1,N,146,223,1,9.5,0.5,0.5,2.16,0,0.3,12.96,9.75,0
2,6,1,1,N,113,107,1,5.5,0,0.5,1.26,0,0.3,7.56,4.966666666666667,0
1,4,2.8,1,N,144,100,1,13,0.5,0.5,2.57,0,0.3,16.87,16.3,1
1,1,2.1,1,N,141,48,1,12,0,0.5,5,0,0.3,17.8,16.45,0
1,1,1.2,1,N,237,229,1,6.5,0.5,0.5,1.55,0,0.3,9.35,5.933333333333334,0
1,1,11.3,1,N,138,142,1,41,0,0.5,9.51,5.76,0.3,57.07,52.95,0
2,1,3.84,1,N,238,161,1,15.5,0,0.5,3.26,0,0.3,19.56,16.916666666666668,0
1,1,0.7,1,N,125,114,1,5.5,0,0.5,1.25,0,0.3,7.55,5.566666666666666,1
2,1,1.64,1,N,237,43,1,8,0,0.5,1.76,0,0.3,10.56,8.7,0
2,1,3.64,1,N,144,181,1,17,0,0.5,4.45,0,0.3,22.25,23.133333333333333,1
2,1,1.1,1,N,263,75,1,5,0.5,0.5,1.26,0,0.3,7.56,2.9833333333333334,1
1,1,1,1,N,163,100,1,6,0,0.5,0.5,0,0.3,7.3,5.716666666666667,0
2,1,0.63,1,N,246,246,1,5,0.5,0.5,1.26,0,0.3,7.56,4.016666666666667,0
1,1,3.4,1,N,48,41,1,13.5,0.5,0.5,2.22,0,0.3,17.02,12.633333333333333,0
1,1,0.5,1,N,238,239,1,4.5,0,0.5,1.3,0,0.3,6.6,3.4166666666666665,0
2,1,1.94,1,N,237,75,1,7.5,0.5,0.5,2.64,0,0.3,11.44,6.766666666666667,0
2,1,2.37,1,N,246,107,1,15.5,0,0.5,2,0,0.3,18.3,24.233333333333334,1
1,1,3.5,1,N,143,158,1,13.5,0,0.5,2,0,0.3,16.3,16.3,0
1,1,1.8,1,N,87,33,1,8,0.5,0.5,1.85,0,0.3,11.15,6.583333333333333,1
2,5,1.51,1,N,114,13,1,8,0,0.5,1.76,0,0.3,10.56,8.766666666666667,0
2,2,16.09,1,N,186,58,1,46,0.5,0.5,9.46,0,0.3,56.76,35.1,0
2,1,1.46,1,N,237,262,1,9.5,0,0.5,2.06,0,0.3,12.36,13.233333333333333,0
2,1,1.12,1,N,230,170,1,8.5,0,0.5,1.4,0,0.3,10.7,11.483333333333333,0
1,1,2.1,1,N,141,238,1,8.5,0.5,0.5,1.95,0,0.3,11.75,7.416666666666667,1
2,1,1.74,1,N,90,230,1,8,0.5,0.5,5,0,0.3,14.3,7.466666666666667,0
2,1,2.48,1,N,249,233,1,11,0.5,0.5,2.46,0,0.3,14.76,11.966666666666667,0
1,4,2.5,1,N,232,80,1,12.5,0.5,0.5,4,0,0.3,17.8,14.083333333333334,1
1,2,3.4,1,N,144,189,1,14,0.5,0.5,1,0,0.3,16.3,15.616666666666667,1
2,2,1.5,1,N,50,239,1,7,0.5,0.5,1.66,0,0.3,9.96,6.233333333333333,0
2,5,6.76,1,N,186,255,1,27,0.5,0.5,7.08,0,0.3,35.38,33.016666666666666,0
2,6,1.36,1,N,163,100,1,8.5,0.5,0.5,1.96,0,0.3,11.76,10.533333333333333,1
1,2,9.8,1,N,181,238,1,36,0.5,0.5,7.45,0,0.3,44.75,45.833333333333336,1
1,2,1.3,1,N,246,186,1,9.5,0,0.5,1.5,0,0.3,11.8,13.483333333333333,0
1,1,1.7,1,N,236,142,1,10,0,0.5,2.15,0,0.3,12.95,12.183333333333334,0
2,1,1.23,1,N,237,162,1,8.5,0,0.5,2.32,0,0.3,11.62,10.883333333333333,0
1,1,1.4,1,N,79,158,1,7.5,0.5,0.5,1,0,0.3,9.8,8.5,1
2,2,0.72,1,N,161,163,1,8.5,0,0.5,1.86,0,0.3,11.16,12.35,0
1,1,0.9,1,N,48,68,1,5.5,0.5,0.5,1.35,0,0.3,8.15,4.3,0
1,1,0.7,1,N,161,237,1,5.5,0,0.5,1.85,0,0.3,8.15,5.233333333333333,1
1,1,3.3,1,N,138,7,1,13.5,0.5,0.5,2,0,0.3,16.8,13.883333333333333,1
2,2,1.62,1,N,107,162,1,8.5,0,0.5,1.86,0,0.3,11.16,9.95,0
2,1,0.97,1,N,107,249,1,6,0.5,0.5,2.19,0,0.3,9.49,5.5,1
2,1,1.31,1,N,239,238,1,7.5,0,0.5,2.08,0,0.3,10.38,7.883333333333334,0
1,1,1.5,1,N,236,141,1,7.5,0,0.5,1.25,0,0.3,9.55,7.083333333333333,1
2,1,0.91,1,N,186,234,1,5.5,0,0.5,1.89,0,0.3,8.19,4.466666666666667,0
1,1,7.1,1,N,114,166,1,25,0.5,0.5,6.55,0,0.3,32.85,26.683333333333334,0
1,1,1.9,1,N,263,162,1,7.5,0,0.5,1,0,0.3,9.3,6.6,0
2,4,0.93,1,N,161,48,1,6,0.5,0.5,1.2,0,0.3,8.5,6.95,0
1,1,0.6,1,N,141,263,1,4,0,0.5,0.5,0,0.3,5.3,2.6,0
2,2,8.18,1,N,138,164,1,33.5,0,0.5,8.01,5.76,0.3,48.07,47.1,0
1,1,1.8,1,N,246,143,1,7.5,0.5,0.5,1.5,0,0.3,10.3,6.5,0
2,3,25.25,1,N,132,200,1,77,0,0.5,20.89,5.76,0.3,104.45,76.15,0
2,1,1.1,1,N,161,164,1,5.5,0,0.5,1.26,0,0.3,7.56,4.316666666666666,0
2,1,0.96,1,N,137,224,1,5.5,0.5,0.5,1.36,0,0.3,8.16,4.35,0
2,1,0.49,1,N,186,100,1,7.5,0,0.5,2.08,0,0.3,10.38,9.8,1
1,2,1.6,1,N,75,262,1,8.5,0,0.5,2.3,0,0.3,11.6,9.533333333333333,1
2,1,1.54,1,N,229,263,1,7.5,0,0.5,1,0,0.3,9.3,7.116666666666666,0
2,1,3.51,1,N,186,141,1,13.5,0.5,0.5,2.96,0,0.3,17.76,15.1,1
2,1,3.36,1,N,140,238,1,14,0.5,0.5,3.06,0,0.3,18.36,16.616666666666667,0
1,1,1.3,1,N,144,249,1,8.5,0,0.5,1.85,0,0.3,11.15,11.916666666666666,0
2,1,0.39,1,N,100,170,1,3.5,0,0.5,1.08,0,0.3,5.38,2.5166666666666666,0
2,1,0.89,1,N,170,100,1,10.5,0,0.5,3.39,0,0.3,14.69,15.616666666666667,0
1,4,1.2,1,N,234,230,1,8,0,0.5,1.75,0,0.3,10.55,10.233333333333333,0
2,2,1.21,1,N,162,141,1,7,0.5,0.5,1.66,0,0.3,9.96,7.166666666666667,0
2,1,5.23,1,N,68,145,1,19,0.5,0.5,4.06,0,0.3,24.36,22.766666666666666,0
1,1,0.8,1,N,137,170,1,5,0,0.5,1.15,0,0.3,6.95,3.466666666666667,1
1,1,6.3,1,N,140,87,1,19,0.5,0.5,5.05,0,0.3,25.35,10.916666666666666,1
2,4,1.11,1,N,170,163,1,8,0,0.5,1,0,0.3,9.8,10.75,0
2,1,0.87,1,N,234,186,1,5.5,0,0.5,1,0,0.3,7.3,4.083333333333333,1
1,1,0.6,1,N,162,162,1,4,0,0.5,0.95,0,0.3,5.75,2.533333333333333,1
2,1,1.99,1,N,186,233,1,10.5,0.5,0.5,3.54,0,0.3,15.34,13.966666666666667,0
2,1,8.14,1,N,151,79,1,28.5,0.5,0.5,5.96,0,0.3,35.76,30.883333333333333,1
2,1,0.75,1,N,186,230,1,8.5,0,0.5,2.32,0,0.3,11.62,12.216666666666667,0
1,1,1.3,1,N,230,164,1,7.5,0.5,0.5,0.5,0,0.3,9.3,8.466666666666667,0
1,3,21.3,2,N,132,237,1,52,0,0.5,10.54,5.76,0.3,69.1,51.75,0
2,2,1.04,1,N,163,100,1,6,0,0.5,1.5,0,0.3,8.3,6.583333333333333,1
2,1,9.79,1,N,13,236,1,28,0.5,0.5,4.5,0,0.3,33.8,18.933333333333334,0
1,2,1.7,1,N,43,161,1,8.5,0,0.5,1.5,0,0.3,10.8,9.733333333333333,0
2,1,1.44,1,N,229,262,1,6,0.5,0.5,1.1,0,0.3,8.4,3.8,1
2,1,1.61,1,N,43,141,1,7.5,0.5,0.5,1,0,0.3,9.8,6.783333333333333,0
2,1,0.62,1,N,48,186,1,7.5,0,0.5,1.24,0,0.3,9.54,10.066666666666666,0
1,1,1.7,1,N,140,162,1,11,0,0.5,2.95,0,0.3,14.75,15.566666666666666,0
1,1,0.6,1,N,237,229,1,5.5,0,0.5,1.55,0,0.3,7.85,5.816666666666666,0
1,1,1.5,1,N,48,239,1,8,0,0.5,1,0,0.3,9.8,8.55,0
2,1,1.53,1,N,237,161,1,8.5,0,0.5,1.4,0,0.3,10.7,9.766666666666667,1
1,1,1.7,1,N,246,186,1,8.5,0,0.5,1.4,0,0.3,10.7,9.266666666666667,0
2,1,1.8,1,N,100,50,1,12.5,0,0.5,2.66,0,0.3,15.96,18.383333333333333,0
2,1,1.05,1,N,249,234,1,7,0,0.5,1.95,0,0.3,9.75,7.866666666666666,1
2,6,3.57,1,N,237,112,1,19,0,0.5,3.96,0,0.3,23.76,25.65,0
2,6,0.61,1,N,107,113,1,4,0,0.5,1,0,0.3,5.8,2.85,1
1,1,8.3,1,N,100,243,1,25.5,0.5,0.5,6.7,0,0.3,33.5,21.433333333333334,0
2,1,4.32,1,N,211,141,1,15,0.5,0.5,2.7,0,0.3,19,15.583333333333334,0
2,1,2.38,1,N,144,170,1,11.5,0.5,0.5,2.56,0,0.3,15.36,14.816666666666666,0
2,1,1.43,1,N,163,68,1,8.5,0.5,0.5,1.96,0,0.3,11.76,9.966666666666667,0
1,1,1.2,1,N,90,48,1,6,0,0.5,1.35,0,0.3,8.15,4.533333333333333,1
1,1,2.5,1,N,142,24,1,10,0,0.5,1.5,0,0.3,12.3,10.466666666666667,1
1,1,1.6,1,N,48,68,1,8.5,0.5,0.5,1.2,0,0.3,11,9.05,1
2,1,1.13,1,N,100,48,1,8,0.5,0.5,1.86,0,0.3,11.16,10.6,1
2,1,9.19,1,N,236,13,1,27.5,0,0.5,5.66,0,0.3,33.96,19.616666666666667,0
2,6,0.85,1,N,107,234,1,7,0,0.5,1.56,0,0.3,9.36,8.55,0
1,1,2.8,1,N,43,142,1,12,0,0.5,1.92,0,0.3,14.72,14.516666666666667,0
2,1,4.19,1,N,87,107,1,15.5,0,0.5,3.26,0,0.3,19.56,14.833333333333334,1
1,1,0.8,1,N,50,48,1,4.5,0,0.5,1.06,0,0.3,6.36,3.65,1
1,2,4.3,1,N,79,262,1,14,0.5,0.5,3.8,0,0.3,19.1,12.533333333333333,1
2,2,1.26,1,N,239,151,1,6,0.5,0.5,1.46,0,0.3,8.76,4.433333333333334,0
2,1,1.81,1,N,236,163,1,8.5,0,0.5,1.4,0,0.3,10.7,8.633333333333333,0
1,1,1.4,1,N,79,137,1,8,0,0.5,1.75,0,0.3,10.55,8.133333333333333,0
1,1,1.2,1,N,140,237,1,6.5,0,0.5,1,0,0.3,8.3,5.916666666666667,0
2,1,1.54,1,N,87,144,1,9.5,0.5,0.5,2.16,0,0.3,12.96,11.7,0
1,1,0.9,1,N,234,158,1,6.5,0,0.5,1,0,0.3,8.3,8.05,0
1,1,2.2,1,N,170,142,1,11,0.5,0.5,2.45,0,0.3,14.75,13.2,1
2,1,0.43,1,N,237,162,1,4,0.5,0.5,2,0,0.3,7.3,2.3666666666666667,0
2,1,9,1,N,138,100,1,33,0,0.5,7.91,5.76,0.3,47.47,42.083333333333336,0
1,1,0.8,1,N,162,237,1,4.5,0.5,0.5,1.2,0,0.3,7,2.05,1
1,2,2.2,1,N,239,262,1,10.5,0,0.5,2.25,0,0.3,13.55,12.666666666666666,1
2,2,2.59,1,N,142,263,1,11,0.5,0.5,2,0,0.3,14.3,12.783333333333333,0
2,5,7.11,1,N,230,256,1,28.5,0.5,0.5,8.94,0,0.3,38.74,34.2,0
2,1,1.66,1,N,237,230,1,10.5,0,0.5,1.7,0,0.3,13,14.383333333333333,1
1,1,2.8,1,N,68,163,1,15.5,0,0.5,3.25,0,0.3,19.55,23.133333333333333,0
2,5,1.27,1,N,162,164,1,8,0,0.5,1.76,0,0.3,10.56,9.683333333333334,0
1,1,2.7,1,N,231,246,1,10,0,0.5,1,0,0.3,11.8,9.033333333333333,0
2,2,2.87,1,N,68,229,1,11,0.5,0.5,2.46,0,0.3,14.76,11.7,0
1,1,1,1,N,238,142,1,6,0.5,0.5,1.45,0,0.3,8.75,4.866666666666666,1
2,3,1.89,1,N,186,79,1,9.5,0,0.5,2.06,0,0.3,12.36,11.666666666666666,1
2,6,1.84,1,N,162,234,1,9.5,0.5,0.5,1,0,0.3,11.8,12,0
1,1,1.8,1,N,170,142,1,8.5,0.5,0.5,1.95,0,0.3,11.75,8.566666666666666,0
2,6,1.16,1,N,249,211,1,6,0,0.5,1,0,0.3,7.8,5.3,0
2,1,0.85,1,N,234,164,1,6.5,0.5,0.5,1.5,0,0.3,9.3,7.6,0
1,1,1.1,1,N,186,234,1,9.5,0,0.5,2.55,0,0.3,12.85,13.966666666666667,0
1,1,2.3,1,N,143,161,1,15.5,0,0.5,1.5,0,0.3,17.8,22.5,1
2,6,1.1,1,N,142,237,1,13,0,0.5,2.76,0,0.3,16.56,21.183333333333334,0
2,1,0.62,1,N,13,13,1,5,0,0.5,1.74,0,0.3,7.54,4.783333333333333,0
2,1,10.89,1,N,138,161,1,31.5,0,0.5,6,5.76,0.3,44.06,32.35,1
2,2,3.6,1,N,163,125,1,15,0,0.5,3.16,0,0.3,18.96,19.066666666666666,0
2,6,4.54,1,N,107,75,1,20,0.5,0.5,4.26,0,0.3,25.56,27.033333333333335,0
2,2,1.06,1,N,68,114,1,8.5,0.5,0.5,1.96,0,0.3,11.76,12.116666666666667,1
1,1,1.9,1,N,237,170,1,12,0,0.5,2,0,0.3,14.8,16.833333333333332,0
2,1,2.37,1,N,144,170,1,12,0,0.5,1.92,0,0.3,14.72,15.033333333333333,0
2,1,9.19,1,N,100,138,1,27,0,0.5,6.71,5.76,0.3,40.27,18.7,1
2,1,1.76,1,N,161,236,1,7.5,0.5,0.5,2.2,0,0.3,11,6.416666666666667,0
2,5,1.15,1,N,164,233,1,8,0,0.5,1.76,0,0.3,10.56,10.5,0
2,1,1.04,1,N,230,48,1,5.5,0.5,0.5,2.04,0,0.3,8.84,4.783333333333333,0
1,1,0.8,1,N,79,79,1,7.5,0.5,0.5,1.75,0,0.3,10.55,9.883333333333333,0
2,1,2.73,1,N,146,223,1,10.5,0.5,0.5,2.36,0,0.3,14.16,10.866666666666667,1
2,1,3.49,1,N,231,161,1,19.5,0,0.5,4.06,0,0.3,24.36,29.983333333333334,0
1,1,1.1,1,N,137,100,1,9.5,0,0.5,2,0,0.3,12.3,13.1,0
2,1,4.69,1,N,65,230,1,20,0,0.5,3.12,0,0.3,23.92,26.083333333333332,0
2,1,2.82,1,N,68,238,1,12,0.5,0.5,3.32,0,0.3,16.62,13.666666666666666,0
1,1,0.5,1,N,143,143,1,4,0,0.5,0.95,0,0.3,5.75,2.0166666666666666,0
2,6,1.02,1,N,170,237,1,7,0,0.5,1.2,0,0.3,9,8.233333333333333,0
1,1,0.7,1,N,237,236,1,4,0,0.5,0.95,0,0.3,5.75,2.4,0
2,1,16.6,1,N,132,112,1,53.5,0,0.5,6.5,0,0.3,60.8,57.31666666666667,0
2,2,13.31,1,N,138,90,1,43.5,0,0.5,10.01,5.76,0.3,60.07,49.35,1
2,6,1.18,1,N,141,236,1,8,0,0.5,1.76,0,0.3,10.56,9.85,0
2,2,11.03,1,N,230,138,1,32.5,0,0.5,7.81,5.76,0.3,46.87,24.266666666666666,1
2,3,2.56,1,N,79,230,1,15.5,0,0.5,3.26,0,0.3,19.56,23.316666666666666,0
1,2,1.9,1,N,48,90,1,9.5,0.5,0.5,1.2,0,0.3,12,12.3,1
1,1,0.9,1,N,239,238,1,5,0,0.5,1.15,0,0.3,6.95,2.65,1
1,1,3.3,1,N,24,141,1,16.5,0,0.5,3.45,0,0.3,20.75,21.933333333333334,1
1,1,1.6,1,N,237,236,1,6,0,0.5,1.5,0,0.3,8.3,3.8333333333333335,1
2,6,0.75,1,N,238,239,1,5,0,0.5,1.16,0,0.3,6.96,3.5166666666666666,1
2,4,0.67,1,N,107,224,1,5,0.5,0.5,1.58,0,0.3,7.88,4.633333333333334,0
2,5,2.85,1,N,238,74,1,10,0.5,0.5,2.82,0,0.3,14.12,8.5,0
2,1,1.12,1,N,233,100,1,11.5,0,0.5,3,0,0.3,15.3,17.133333333333333,1
1,2,1.2,1,N,79,137,1,6,0.5,0.5,1.45,0,0.3,8.75,5.316666666666666,0
2,1,1.11,1,N,158,114,1,8,0,0.5,1,0,0.3,9.8,10.866666666666667,1
2,1,6.18,1,N,158,225,1,26.5,0.5,0.5,6.95,0,0.3,34.75,36.05,1
2,1,0.42,1,N,163,161,1,4,0,0.5,0.96,0,0.3,5.76,2.6,1
2,1,1.9,1,N,140,161,1,10,0,0.5,2.7,0,0.3,13.5,13.05,0
1,1,0.2,1,N,236,237,1,3.5,0,0.5,0.86,0,0.3,5.16,1.7166666666666666,0
1,2,2.3,1,N,231,33,1,12,0.5,0.5,2.65,0,0.3,15.95,16.583333333333332,0
2,1,4.72,1,N,186,238,1,17,0.5,0.5,3.66,0,0.3,21.96,16.7,1
1,1,0.2,1,N,186,68,1,5.5,0,0.5,1.25,0,0.3,7.55,6.7,1
2,5,1.23,1,N,237,236,1,7,0.5,0.5,1.66,0,0.3,9.96,7.083333333333333,0
2,1,1.41,1,N,237,162,1,9,0,0.5,1.96,0,0.3,11.76,11.183333333333334,0
1,1,1.9,1,N,236,162,1,12,0,0.5,3.2,0,0.3,16,16.716666666666665,0
1,1,1.8,1,N,68,144,1,8.5,0.5,0.5,0.98,0,0.3,10.78,9.7,0
2,1,0.84,1,N,230,161,1,8.5,0,0.5,1.86,0,0.3,11.16,11.383333333333333,0
2,1,0.7,1,N,107,170,1,5,0,0.5,1.16,0,0.3,6.96,3.45,0
2,1,0.66,1,N,231,125,1,4.5,0,0.5,1.06,0,0.3,6.36,3.8833333333333333,0
2,1,1.67,1,N,263,140,1,10.5,0,0.5,2.26,0,0.3,13.56,14.533333333333333,0
1,1,6.6,1,N,87,143,1,21.5,0.5,0.5,4.55,0,0.3,27.35,20.116666666666667,0
1,1,2.8,1,N,231,246,1,10.5,0.5,0.5,2.35,0,0.3,14.15,8.95,0
1,1,10.9,1,Y,138,230,1,37,0,0.5,8.7,5.76,0.3,52.26,44.63333333333333,0
2,1,1.72,1,N,144,170,1,7.5,0.5,0.5,1.5,0,0.3,10.3,7.55,0
2,2,1.14,1,N,163,233,1,8,0.5,0.5,1.86,0,0.3,11.16,9.216666666666667,0
2,1,2.28,1,N,238,48,1,11,0,0.5,2.36,0,0.3,16.11,13.7,0
2,1,2.4,1,N,48,236,1,10.5,0.5,0.5,1.5,0,0.3,13.3,10.933333333333334,0
2,3,1.93,1,N,137,141,1,8.5,0.5,0.5,1.96,0,0.3,11.76,8.75,0
1,1,1,1,N,231,125,1,6,0,0.5,0.68,0,0.3,7.48,5.5,1
1,1,17.5,2,N,132,48,1,52,0,0.5,8,5.76,0.3,66.56,27.033333333333335,0
2,3,2.45,1,N,143,166,1,12,0,0.5,2.56,0,0.3,15.36,15.15,0
1,2,9.6,1,N,162,138,1,27,0,0.5,5,5.76,0.3,38.56,21.983333333333334,0
2,1,3.28,1,N,262,161,1,13,0,0.5,3.45,0,0.3,17.25,12.1,1
2,1,0.7,1,N,113,107,1,5.5,0.5,0.5,1,0,0.3,7.8,6.066666666666666,0
1,1,1,1,N,161,237,1,6,0.5,0.5,1.5,0,0.3,8.8,5.85,1
2,6,2.28,1,N,144,68,1,9,0.5,0.5,2.06,0,0.3,12.36,8.5,0
2,1,17.88,2,N,163,132,1,52,0,0.5,11.71,5.76,0.3,70.27,29.683333333333334,0
2,1,0.58,1,N,162,161,1,6.5,0,0.5,1.46,0,0.3,8.76,8.333333333333334,0
2,6,2.22,1,N,231,246,1,9,0,0.5,1.47,0,0.3,11.27,8.65,0
1,2,3,1,N,211,162,1,11,0,0.5,2.35,0,0.3,14.15,9.566666666666666,1
2,2,2.7,1,N,162,263,1,9.5,0.5,0.5,2.16,0,0.3,12.96,7.666666666666667,0
1,1,16.7,3,N,87,1,1,65.5,0,0,11,18.3,0.3,95.1,37.233333333333334,0
1,1,0.8,1,N,163,161,1,7.5,0,0.5,1,0,0.3,9.3,9.95,0
1,1,3.2,1,N,186,148,1,19.5,0,0.5,4,0,0.3,24.3,30.25,1
2,6,8.57,1,N,138,256,1,25.5,0.5,0.5,5.36,0,0.3,32.16,20.566666666666666,1
1,1,2.7,1,N,45,164,1,17.5,0,0.5,2,0,0.3,20.3,27.65,0
2,3,1.61,1,N,239,143,1,8.5,0,0.5,2.32,0,0.3,11.62,9.916666666666666,0
1,1,17.6,2,N,132,161,1,52,0,0.5,13.2,0,0.3,66,67,1
1,1,19,2,N,132,48,1,52,0,0.5,11.7,5.76,0.3,70.26,41.65,0
2,1,0.95,1,N,141,163,1,5.5,0,0.5,1.89,0,0.3,8.19,4.516666666666667,0
2,1,4.63,1,N,260,161,1,18,0,0.5,3.76,0,0.3,22.56,23.9,0
2,2,1.19,1,N,237,162,1,6.5,0,0.5,1.46,0,0.3,8.76,6.566666666666666,1
1,2,0.3,1,N,236,236,1,3.5,0,0.5,1.05,0,0.3,5.35,1.6833333333333333,0
2,6,1.18,1,N,90,170,1,5.5,0,0.5,1.26,0,0.3,7.56,4.9,0
1,1,2,1,N,90,231,1,14,0,0.5,2,0,0.3,16.8,19.566666666666666,0
2,1,1.39,1,N,107,114,1,10.5,0,0.5,2.26,0,0.3,13.56,15.583333333333334,1
2,5,5.13,1,N,87,161,1,19.5,0,0.5,4.06,0,0.3,24.36,18.633333333333333,0
1,1,0.5,1,N,66,33,1,5.5,0.5,0.5,1.35,0,0.3,8.15,6.133333333333334,0
2,1,0.5,1,N,140,262,1,4,0,0.5,0.96,0,0.3,5.76,2.0833333333333335,0
1,1,1.6,1,N,158,79,1,8.5,0.5,0.5,1,0,0.3,10.8,10.616666666666667,1
2,5,1.28,1,N,230,233,1,7.5,0.5,0.5,1.76,0,0.3,10.56,8.566666666666666,1
1,1,0.6,1,N,237,140,1,5.5,0,0.5,1,0,0.3,7.3,6.133333333333334,0
2,1,0.64,1,N,79,79,1,4.5,0,0.5,1,0,0.3,6.3,3.6666666666666665,1
2,6,2.39,1,N,45,224,1,10,0.5,0.5,2.26,0,0.3,13.56,10.616666666666667,0
2,1,15.81,2,N,170,132,1,52,0,0.5,11.11,5.76,0.3,69.67,27.116666666666667,1
1,1,14.5,1,N,138,13,1,52,0,0.5,6,5.76,0.3,64.56,61.75,0
1,1,1.1,1,N,158,125,1,5.5,0,0.5,1,0,0.3,7.3,4.933333333333334,1
2,2,1.04,1,N,161,50,1,7,0,0.5,2,0,0.3,9.8,8.633333333333333,0
1,2,1.6,1,N,239,43,1,10.5,0,0.5,2.25,0,0.3,13.55,14.45,1
2,1,0.49,1,N,161,170,1,4.5,0,0.5,1.06,0,0.3,6.36,3.45,0
1,1,1.1,1,N,100,163,1,6,0.5,0.5,1,0,0.3,8.3,5.083333333333333,1
2,1,2.24,1,N,163,238,1,12.5,0,0.5,1,0,0.3,14.3,17.216666666666665,0
1,1,1.5,1,N,114,107,1,8.5,0.5,0.5,1.95,0,0.3,11.75,9.033333333333333,0
2,1,10.77,1,N,138,189,1,40,0,0.5,5,0,0.3,45.8,56.28333333333333,0
2,2,1.96,1,N,100,229,1,9.5,0.5,0.5,1,0,0.3,11.8,9.616666666666667,0
1,1,1,1,N,100,137,1,10.5,0,0.5,2.25,0,0.3,13.55,15.666666666666666,0
2,5,0.89,1,N,211,148,1,7.5,0.5,0.5,1,0,0.3,9.8,9.2,1
2,2,1.68,1,N,68,48,1,8.5,0.5,0.5,1,0,0.3,10.8,10.316666666666666,1
2,1,3.54,1,N,140,246,1,16.5,0,0.5,3.46,0,0.3,20.76,22.016666666666666,1
2,1,1.64,1,N,41,239,1,9,0,0.5,2.2,0,0.3,12,10.95,0
2,1,0.52,1,N,256,255,1,4.5,0.5,0.5,1.16,0,0.3,6.96,3.45,1
2,1,1.02,1,N,234,79,1,5.5,0.5,0.5,1,0,0.3,7.8,4.55,0
2,2,5.68,1,N,152,161,1,21.5,0,0.5,1,0,0.3,23.3,24.166666666666668,0
1,1,0.7,1,N,107,79,1,4.5,0.5,0.5,1.45,0,0.3,7.25,3.05,0
1,1,6.5,1,N,138,226,1,19.5,0.5,0.5,1,0,0.3,21.8,12.433333333333334,0
2,2,0.42,1,N,48,48,1,3.5,0.5,0.5,0.96,0,0.3,5.76,2.4,1
1,1,11.5,1,N,138,48,1,35,0,0.5,8.3,5.76,0.3,49.86,35.05,1
1,1,1,1,N,164,233,1,6,0.5,0.5,1.45,0,0.3,8.75,6.416666666666667,0
2,1,1.53,1,N,141,233,1,9,0,0.5,1.8,0,0.3,11.6,10.916666666666666,1
2,5,1.63,1,N,170,141,1,7,0,0.5,1.56,0,0.3,9.36,6.133333333333334,1
2,2,2.39,1,N,211,100,1,10,0.5,0.5,2.26,0,0.3,13.56,11.216666666666667,0
1,1,2.5,1,N,261,33,1,11.5,0.5,0.5,2.55,0,0.3,15.35,15.033333333333333,0
1,1,1.3,1,N,137,90,1,7,0.5,0.5,1.65,0,0.3,9.95,7.083333333333333,0
2,1,0.62,1,N,158,90,1,5.5,0.5,0.5,2.04,0,0.3,8.84,5.333333333333333,0
2,1,1.29,1,N,100,234,1,8.5,0.5,0.5,2.94,0,0.3,12.74,10.85,0
1,1,2.7,1,N,88,249,1,12,0.5,0.5,2.65,0,0.3,15.95,13.7,0
2,1,1.54,1,N,141,163,1,11,0,0.5,2.36,0,0.3,14.16,15.933333333333334,0
1,1,2.9,1,N,161,236,1,10.5,0,0.5,2.25,0,0.3,13.55,19.35,1
2,1,4.56,1,N,114,189,1,20.5,0.5,0.5,5.45,0,0.3,27.25,28.3,1
2,5,3.21,1,N,163,79,1,13,0.5,0.5,2.86,0,0.3,17.16,16.283333333333335,0
1,1,2.3,1,N,162,143,1,14,0,0.5,2.95,0,0.3,17.75,19.666666666666668,0
1,2,9.1,1,N,138,212,1,29,0,0.5,4,5.76,0.3,39.56,29.783333333333335,0
1,2,1.5,1,N,224,170,1,9,0,0.5,1.95,0,0.3,11.75,11.216666666666667,0
1,1,0.7,1,N,68,48,1,4.5,0.5,0.5,1.15,0,0.3,6.95,2.3833333333333333,1
1,3,2,1,N,151,263,1,11,0,0.5,2,0,0.3,13.8,13.366666666666667,1
2,1,0.93,1,N,100,234,1,6.5,0,0.5,2.19,0,0.3,9.49,7.183333333333334,0
2,1,1.21,1,N,186,170,1,9.5,0,0.5,2.06,0,0.3,12.36,13,1
1,1,0.7,1,N,224,107,1,7,0.5,0.5,1.65,0,0.3,9.95,8.166666666666666,1
2,3,0.64,1,N,237,141,1,4.5,0,0.5,1.06,0,0.3,6.36,4.283333333333333,0
2,1,2.95,1,N,43,113,1,12.5,0.5,0.5,2.76,0,0.3,16.56,15.566666666666666,1
2,2,1.63,1,N,238,262,1,10,0,0.5,2.16,0,0.3,12.96,12.783333333333333,0
1,1,0.6,1,N,107,107,1,7,0,0.5,1,0,0.3,8.8,9.483333333333333,1
1,2,2.9,1,N,229,43,1,14,0,0.5,2.96,0,0.3,17.76,18.45,0
2,1,1.07,1,N,90,100,1,6.5,0,0.5,1.46,0,0.3,8.76,7.016666666666667,1
1,1,3,1,N,230,114,1,15.5,0,0.5,3,0,0.3,19.3,22.716666666666665,1
2,1,3.76,1,N,162,7,1,15,0.5,0.5,3.26,0,0.3,19.56,16.533333333333335,0
2,1,4.03,1,N,113,145,1,16,0,0.5,4.51,5.76,0.3,27.07,17.583333333333332,1
1,1,0.7,1,N,148,114,1,6,0,0.5,1.35,0,0.3,8.15,6.483333333333333,0
2,5,0.73,1,N,113,107,1,6,0,0.5,1.36,0,0.3,8.16,6.983333333333333,0
2,1,1.92,1,N,79,68,1,10.5,0,0.5,2.26,0,0.3,13.56,13.7,0
2,1,1.05,1,N,68,164,1,9,0,0.5,1.96,0,0.3,11.76,12.55,0
2,1,4.63,1,N,238,90,1,17.5,0,0.5,3,0,0.3,21.3,19,0
1,1,2.4,1,N,238,163,1,13.5,0,0.5,2.85,0,0.3,17.15,19.433333333333334,0
1,1,1.5,1,N,100,142,1,11,0,0.5,2.35,0,0.3,14.15,16.15,0
2,6,1.04,1,N,79,137,1,5,0.5,0.5,1.26,0,0.3,7.56,3.466666666666667,0
1,1,0.9,1,N,137,100,1,11.5,0,0.5,2.45,0,0.3,14.75,18.55,0
1,1,8.5,1,N,48,243,1,24,0.5,0.5,5.05,0,0.3,30.35,12.933333333333334,0
1,1,3.7,1,N,137,142,1,20.5,0,0.5,4.25,0,0.3,25.55,29.616666666666667,0
1,1,2.2,1,N,170,236,1,10.5,0.5,0.5,1.77,0,0.3,13.57,10.95,1
1,1,2.9,1,N,163,79,1,12,0.5,0.5,2,0,0.3,15.3,14.083333333333334,0
2,1,3.58,1,N,148,161,1,12.5,0.5,0.5,2.76,0,0.3,16.56,10.683333333333334,0
1,1,2,1,N,236,142,1,11.5,0,0.5,2.45,0,0.3,14.75,14.383333333333333,0
2,5,2.85,1,N,164,142,1,16.5,0,0.5,4.32,0,0.3,21.62,24.933333333333334,0
2,1,1.23,1,N,50,161,1,7,0,0.5,1.56,0,0.3,9.36,7.283333333333333,1
2,1,0.76,1,N,137,170,1,5,0.5,0.5,1.26,0,0.3,7.56,4.1,0
2,6,3.47,1,N,226,161,1,13,0,0.5,2.2,0,0.3,16,12.666666666666666,1
2,1,0.43,1,N,170,170,1,5.5,0,0.5,1.26,0,0.3,7.56,6.466666666666667,0
2,1,0.87,1,N,114,211,1,5,0.5,0.5,1.89,0,0.3,8.19,5.85,1
2,5,3.58,1,N,48,151,1,12.5,0.5,0.5,2.76,0,0.3,16.56,9.716666666666667,0
2,1,1.19,1,N,141,262,1,6,0.5,0.5,1.46,0,0.3,8.76,4.6,1
1,2,4.1,1,N,79,262,1,13.5,0.5,0.5,2.95,0,0.3,17.75,11.9,0
2,1,0.44,1,N,230,100,1,4.5,0,0.5,1.06,0,0.3,6.36,4.5,0
2,5,0.98,1,N,164,162,1,6.5,0,0.5,1.46,0,0.3,8.76,8.066666666666666,0
1,1,1.5,1,N,166,43,1,9,0,0.5,1.96,0,0.3,11.76,10.083333333333334,0
2,1,1.92,1,N,237,107,1,10.5,0.5,0.5,2.36,0,0.3,14.16,14.1,0
2,1,0.91,1,N,114,107,1,7.5,0.5,0.5,1.76,0,0.3,10.56,9.55,1
1,1,4.3,1,N,186,261,1,25.5,0,0.5,5.25,0,0.3,31.55,38.2,0
2,3,0.37,1,N,161,161,1,4.5,0,0.5,1.59,0,0.3,6.89,4.133333333333334,0
1,1,5.1,1,N,137,13,1,16,0.5,0.5,3.45,0,0.3,20.75,10.6,0
2,1,0.61,1,N,113,234,1,4.5,0,0.5,1.32,0,0.3,6.62,3.533333333333333,0
1,1,3.5,1,N,13,186,1,15.5,0,0.5,4.85,0,0.3,21.15,17.95,0
2,1,3.61,1,N,100,13,1,17,0,0.5,3.56,0,0.3,21.36,22.3,0
1,1,2.4,1,N,237,48,1,13,0,0.5,2,0,0.3,15.8,17.566666666666666,0
1,1,0.7,1,N,107,170,1,5,0.5,0.5,1.25,0,0.3,7.55,4.083333333333333,0
2,1,0.58,1,N,238,239,1,4,0,0.5,1.2,0,0.3,6,2.8,0
1,1,1.8,1,N,234,48,1,9,0,0.5,2.94,0,0.3,12.74,10.433333333333334,0
2,1,1.16,1,N,107,100,1,8.5,0,0.5,1.86,0,0.3,11.16,10.866666666666667,1
1,1,10.2,1,N,138,163,1,35,0,0.5,6,5.76,0.3,47.56,42.916666666666664,0
2,1,1.15,1,N,13,231,1,6,0,0.5,1.7,0,0.3,8.5,4.883333333333334,0
2,1,1.52,1,N,141,236,1,11.5,0,0.5,2.7,0,0.3,15,16.116666666666667,0
2,2,1.19,1,N,236,262,1,7,0.5,0.5,1,0,0.3,9.3,6.766666666666667,1
2,3,0.83,1,N,79,148,1,6.5,0.5,0.5,1.56,0,0.3,9.36,6.283333333333333,1
1,1,1.6,1,N,234,161,1,7,0,0.5,1.95,0,0.3,9.75,5.066666666666666,1
2,1,16.72,3,N,107,1,1,69,0,0,17.36,17.5,0.3,104.16,46.05,1
2,1,1.42,1,N,114,90,1,7,0,0.5,1.56,0,0.3,9.36,6.533333333333333,1
1,1,1.6,1,N,13,87,1,7.5,0.5,0.5,2,0,0.3,10.8,5.65,0
1,1,1.5,1,N,107,161,1,7.5,0,0.5,0.83,0,0.3,9.13,6.85,0
2,1,0.71,1,N,230,48,1,5,0.5,0.5,0.94,0,0.3,7.24,4.683333333333334,0
1,1,1.7,1,N,142,236,1,8.5,0.5,0.5,1.47,0,0.3,11.27,9.316666666666666,0
1,1,6.4,1,N,161,13,1,21,0,0.5,4.35,0,0.3,26.15,17.116666666666667,1
1,2,1,1,N,142,239,1,5.5,0.5,0.5,1.36,0,0.3,8.16,4.75,0
2,6,0.73,1,N,237,161,1,8.5,0,0.5,1.4,0,0.3,10.7,12.75,0
2,1,3.82,1,N,237,249,1,17,0.5,0.5,3.66,0,0.3,21.96,24.916666666666668,0
2,1,0.9,1,N,186,137,1,8,0,0.5,1.76,0,0.3,10.56,10.916666666666666,1
1,1,5.5,1,N,13,170,1,20,0,0.5,5.2,0,0.3,26,20.566666666666666,0
1,1,4.7,1,N,249,262,1,19.5,0.5,0.5,2.08,0,0.3,22.88,24.05,0
1,1,1.6,1,N,237,239,1,8.5,0,0.5,1.85,0,0.3,11.15,10.15,1
2,2,2.3,1,N,238,262,1,11.5,0.5,0.5,1.92,0,0.3,14.72,13.766666666666667,0
2,1,4.6,1,N,79,255,1,17,0.5,0.5,3.66,0,0.3,21.96,16.55,1
2,5,2.64,1,N,125,48,1,12,0,0.5,2.56,0,0.3,15.36,13.2,0
2,1,2.18,1,N,43,230,1,11,0,0.5,2.36,0,0.3,14.16,14.433333333333334,1
2,1,13.76,1,N,132,256,1,48,0,0.5,5,0,0.3,53.8,61.333333333333336,0
2,5,1.27,1,N,79,249,1,8,0.5,0.5,0.5,0,0.3,9.8,10.283333333333333,0
1,1,1.3,1,N,170,50,1,13,0,0.5,2.75,0,0.3,16.55,20.766666666666666,0
2,1,7.22,1,N,237,88,1,22,0.5,0.5,2.5,0,0.3,25.8,15.333333333333334,1
1,1,0.8,1,N,239,238,1,5,0,0.5,1.45,0,0.3,7.25,3.566666666666667,0
1,1,0.8,1,N,79,107,1,4.5,0,0.5,1,0,0.3,6.3,2.7333333333333334,0
1,1,5.8,1,N,186,40,1,19.5,0.5,0.5,4,0,0.3,24.8,19.383333333333333,0
1,1,1.2,1,N,234,158,1,6.5,0.5,0.5,1.55,0,0.3,9.35,7.3,1
1,1,1.9,1,N,231,68,1,8,0.5,0.5,1.85,0,0.3,11.15,7.3,1
2,1,3.5,1,N,237,151,1,17.5,0,0.5,3.66,0,0.3,21.96,22.383333333333333,1
2,2,1.55,1,N,151,236,1,7,0,0.5,1.17,0,0.3,8.97,5.766666666666667,1
2,1,4.04,1,N,255,25,1,13.5,0.5,0.5,2.96,0,0.3,17.76,9.133333333333333,1
2,1,3.33,1,N,100,140,1,16,0,0.5,3.36,0,0.3,20.16,21.783333333333335,0
1,1,1.6,1,N,236,238,1,7,0.5,0.5,1,0,0.3,9.3,6.75,0
2,1,1.28,1,N,162,48,1,9,0,0.5,2.94,0,0.3,12.74,12.033333333333333,1
1,1,1.2,1,N,161,237,1,8,0,0.5,2,0,0.3,10.8,10.95,0
1,1,1.7,1,N,158,79,1,11,0,0.5,2.35,0,0.3,14.15,15.983333333333333,1
1,1,0.6,1,N,100,230,1,5,0,0.5,1.16,0,0.3,6.96,4.766666666666667,0
1,1,1.2,1,N,229,140,1,6,0,0.5,1.35,0,0.3,8.15,6.3,0
2,1,2.55,1,N,75,142,1,11.5,0,0.5,2.46,0,0.3,14.76,13.516666666666667,0
1,1,1.2,1,N,142,163,1,7.5,0,0.5,1.65,0,0.3,9.95,9.5,0
2,1,0.97,1,N,125,249,1,6,0,0.5,1.36,0,0.3,8.16,5.85,0
2,1,1.89,1,N,90,137,1,8.5,0.5,0.5,2.45,0,0.3,12.25,8.066666666666666,0
1,1,5.9,1,Y,88,68,1,19.5,0,0.5,4.8,0,0.3,25.1,17.6,0
1,1,1.6,1,N,186,161,1,11.5,0.5,0.5,2.55,0,0.3,15.35,16.85,0
2,1,0.61,1,N,186,186,1,5.5,0.5,0.5,1.36,0,0.3,8.16,5.65,1
2,2,1.4,1,N,162,163,1,8.5,0,0.5,1.86,0,0.3,11.16,11,1
1,1,0.9,1,N,107,170,1,6,0,0.5,1,0,0.3,7.8,5.866666666666666,0
1,1,1.7,1,N,100,143,1,9,0,0.5,1.95,0,0.3,11.75,11.6,0
2,1,2.84,1,N,233,236,1,10.5,0,0.5,2.82,0,0.3,14.12,10.1,1
2,3,0.61,1,N,186,170,1,5,0.5,0.5,1.89,0,0.3,8.19,4.55,0
2,1,1.29,1,N,246,68,1,6.5,0.5,0.5,1.95,0,0.3,9.75,5.35,0
2,1,1.15,1,N,237,161,1,8.5,0,0.5,1.86,0,0.3,11.16,11.533333333333333,0
2,1,0.72,1,N,237,141,1,9,0,0.5,2.45,0,0.3,12.25,13.45,0
2,2,1.14,1,N,114,107,1,6,0.5,0.5,1.46,0,0.3,8.76,4.95,0
2,1,0.47,1,N,148,144,1,4.5,0,0.5,1.32,0,0.3,6.62,4,0
2,1,1.63,1,N,236,74,1,8,0,0.5,1.76,0,0.3,10.56,9.316666666666666,1
1,1,0.6,1,N,234,234,1,4,0,0.5,0.95,0,0.3,5.75,2.45,0
1,1,1,1,N,141,233,1,6.5,0,0.5,1.45,0,0.3,8.75,6.85,1
2,4,1.14,1,N,137,229,1,6.5,0.5,0.5,1.56,0,0.3,9.36,5.35,0
2,1,2.23,1,N,43,230,1,13,0,0.5,3.45,0,0.3,17.25,17.25,1
1,1,2.8,1,N,97,225,1,11.5,0.5,0.5,2.55,0,0.3,15.35,13.1,1
1,1,2.9,1,N,164,148,1,16,0,0.5,3,0,0.3,19.8,23.566666666666666,0
2,2,2.03,1,N,48,236,1,11,0,0.5,1.77,0,0.3,13.57,13.25,0
2,1,11.5,1,N,186,69,1,39,0,0.5,7,0,0.3,46.8,37.46666666666667,0
1,1,1,1,N,246,50,1,5.5,0.5,0.5,1.02,0,0.3,7.82,3.6,0
1,1,4.8,1,N,13,79,1,16,0,0.5,3.35,0,0.3,20.15,13.266666666666667,0
2,2,2.73,1,N,237,186,1,17,0,0.5,2,0,0.3,19.8,26.4,0
2,1,0.74,1,N,79,79,1,5,0.5,0.5,1.26,0,0.3,7.56,4.883333333333334,0
1,1,3.2,1,N,237,144,1,13,0,0.5,2.75,0,0.3,16.55,14.733333333333333,1
1,1,0.7,1,N,100,48,1,5.5,0,0.5,1.85,0,0.3,8.15,5.75,0
2,2,4.27,1,N,158,239,1,16.5,0.5,0.5,3.56,0,0.3,21.36,18.65,1
2,2,1.18,1,N,141,239,1,6,0,0.5,1.36,0,0.3,8.16,5.833333333333333,0
2,1,1.45,1,N,237,236,1,6.5,0,0.5,1.46,0,0.3,8.76,5.683333333333334,1
2,1,1.9,1,N,238,143,1,12.5,0,0.5,3.7,0,0.3,17,18.183333333333334,1
1,1,1.3,1,N,141,263,1,7.5,0,0.5,2.05,0,0.3,10.35,8.933333333333334,0
1,1,1.4,1,N,143,238,1,8.5,0.5,0.5,1.95,0,0.3,11.75,8.933333333333334,0
1,1,1.1,1,N,237,141,1,7.5,0,0.5,1.25,0,0.3,9.55,8.416666666666666,1
2,2,6.24,1,N,236,79,1,20,0,0.5,4.16,0,0.3,24.96,17.1,1
2,2,1.45,1,N,186,246,1,8,0.5,0.5,1.86,0,0.3,11.16,9.016666666666667,0
2,1,8.93,1,N,138,170,1,27.5,0,0.5,1.11,5.76,0.3,35.17,22.983333333333334,0
2,1,1.49,1,N,170,237,1,10,0,0.5,2.16,0,0.3,12.96,14.133333333333333,0
1,1,9,1,N,229,138,1,25.5,0,0.5,5,5.54,0.3,36.84,16.083333333333332,0
1,1,2.2,1,N,186,230,1,12.5,0.5,0.5,2.75,0,0.3,16.55,17.8,1
2,1,18.9,2,N,132,211,1,52,0,0.5,7,0,0.3,59.8,48.666666666666664,0
2,1,3.58,1,N,140,234,1,13,0.5,0.5,1,0,0.3,15.3,12.733333333333333,0
1,1,1,1,N,170,162,1,5,0,0.5,1.15,0,0.3,6.95,3.533333333333333,0
2,2,1.92,1,N,239,230,1,11,0.5,0.5,2.46,0,0.3,14.76,13.283333333333333,0
1,1,1.7,1,N,249,170,1,8,0.5,0.5,1.85,0,0.3,11.15,7.066666666666666,0
2,1,1.43,1,N,236,237,1,8.5,0,0.5,1.5,0,0.3,10.8,9.216666666666667,1
1,2,1.6,1,N,166,166,1,8,0,0.5,1.75,0,0.3,10.55,8.166666666666666,1
2,1,6.53,1,N,75,158,1,23.5,0,0.5,7.29,0,0.3,31.59,24.2,0
1,1,4.2,1,N,226,198,1,15.5,0.5,0.5,10,0,0.3,26.8,16.683333333333334,0
2,1,2.35,1,N,68,230,1,16,0,0.5,3.36,0,0.3,20.16,25.266666666666666,1
1,1,2.8,1,N,230,262,1,12,0,0.5,2.4,0,0.3,15.2,14.866666666666667,0
1,1,2.2,1,N,162,90,1,15,0,0.5,3.95,0,0.3,19.75,22.95,0
1,1,1.3,1,N,4,114,1,8.5,0,0.5,2.75,0,0.3,12.05,10.116666666666667,0
2,2,0.6,1,N,161,230,1,5,0,0.5,1.16,0,0.3,6.96,4.9,0
1,1,1,1,N,162,170,1,7,0,0.5,1.55,0,0.3,9.35,8.233333333333333,1
2,1,5.1,1,N,107,261,1,17.5,0,0.5,3.66,0,0.3,21.96,15.516666666666667,1
1,1,0.7,1,N,234,211,1,9.5,0,0.5,1,0,0.3,11.3,13.383333333333333,0
1,1,1.5,1,N,143,237,1,7.5,0,0.5,1.65,0,0.3,9.95,8.25,1
2,1,17.39,1,N,138,85,1,50.5,0,0.5,15.39,0,0.3,66.69,44.9,1
2,2,18.65,1,N,132,65,1,51.5,0.5,0.5,10.56,0,0.3,63.36,33.63333333333333,0
1,1,3,1,N,148,87,1,11,0,0.5,2.35,0,0.3,14.15,8.716666666666667,0
1,1,2.7,1,N,79,229,1,10,0.5,0.5,2.25,0,0.3,13.55,8.683333333333334,1
1,2,0.7,1,N,237,237,1,8,0,0.5,2.2,0,0.3,11,10.833333333333334,0
2,1,0.4,1,N,263,236,1,4,0,0.5,0.96,0,0.3,5.76,3.5166666666666666,0
1,1,8.1,1,N,249,223,1,26.5,0.5,0.5,8.3,0,0.3,36.1,26.95,0
2,5,10.14,1,N,138,230,1,44.5,0,0.5,12.76,5.76,0.3,63.82,63.983333333333334,0
2,5,4.12,1,N,140,246,1,26.5,0,0.5,5.46,0,0.3,32.76,43.583333333333336,0
2,1,2.2,1,N,100,249,1,9,0.5,0.5,2.58,0,0.3,12.88,8.65,0
1,1,2.3,1,N,107,209,1,13,0,0.5,2,0,0.3,15.8,18.833333333333332,1
1,1,2.9,1,N,239,246,1,11,0,0.5,2.35,0,0.3,14.15,7.75,0
1,2,1.9,1,N,68,162,1,13.5,0,0.5,3.58,0,0.3,17.88,20.5,0
1,1,1.8,1,N,238,237,1,10.5,0,0.5,2.25,0,0.3,13.55,14.266666666666667,1
2,6,1.95,1,N,162,263,1,9,0.5,0.5,2.06,0,0.3,12.36,9.55,0
1,1,0.5,1,N,234,186,1,3.5,0,0.5,4.3,0,0.3,8.6,2.15,1
1,1,2.3,1,N,236,230,1,10,0,0.5,1.08,0,0.3,11.88,10.733333333333333,0
1,1,2.1,1,N,100,143,1,11,0.5,0.5,2.45,0,0.3,14.75,14.616666666666667,0
2,5,1.82,1,N,237,262,1,10,0,0.5,2.7,0,0.3,13.5,12.416666666666666,0
2,5,0.7,1,N,236,237,1,4,0,0.5,0.96,0,0.3,5.76,2.15,1
2,1,1.41,1,N,141,263,1,6,0.5,0.5,1.82,0,0.3,9.12,4.1,0
2,5,1.34,1,N,158,90,1,6.5,0.5,0.5,1,0,0.3,8.8,6.983333333333333,1
1,1,1.4,1,N,170,246,1,13,0,0.5,3.45,0,0.3,17.25,20.216666666666665,0
1,2,2.1,1,N,141,137,1,10.5,0,0.5,2.25,0,0.3,13.55,10.15,0
1,4,2.6,1,N,262,233,1,13.5,0,0.5,2.86,0,0.3,17.16,18.916666666666668,0
1,1,6.7,1,N,161,138,1,22,0,0.5,5,0,0.3,27.8,21.716666666666665,0
1,1,0.6,1,N,263,141,1,4.5,0.5,0.5,1.15,0,0.3,6.95,3.183333333333333,1
2,1,2.06,1,N,137,48,1,10.5,0.5,0.5,2.36,0,0.3,14.16,13.333333333333334,0
2,1,0.64,1,N,234,113,1,5,0,0.5,0.7,0,0.3,6.5,4.716666666666667,0
2,1,0.67,1,N,162,170,1,6.5,0,0.5,1.82,0,0.3,9.12,8.166666666666666,1
2,2,2.36,1,N,140,75,1,9,0.5,0.5,2,0,0.3,12.3,8.183333333333334,0
1,1,0.8,1,N,161,230,1,9,0,0.5,1.95,0,0.3,11.75,13.15,0
1,2,0.8,1,N,142,50,1,5,0.5,0.5,1.55,0,0.3,7.85,4.966666666666667,1
1,1,1.7,1,N,143,229,1,17,0,0.5,3.55,0,0.3,21.35,28.25,0
1,1,1,1,N,100,170,1,6,0.5,0.5,2,0,0.3,9.3,5.65,0
1,1,1.7,1,N,41,75,1,8,0,0.5,2.2,0,0.3,11,8.4,1
2,1,0.77,1,N,238,236,1,4.5,0,0.5,1,0,0.3,6.3,3.25,0
1,1,1.9,1,N,75,151,1,8.5,0.5,0.5,1,0,0.3,10.8,8.366666666666667,0
2,2,4.22,1,N,79,142,1,17,0,0.5,3.56,0,0.3,21.36,22.583333333333332,0
2,1,1.73,1,N,234,162,1,10,0,0.5,2.16,0,0.3,12.96,13.966666666666667,0
2,1,1.84,1,N,236,161,1,7.5,0.5,0.5,1.76,0,0.3,10.56,5.933333333333334,0
2,1,2.47,1,N,237,107,1,11.5,0.5,0.5,2.56,0,0.3,15.36,13.916666666666666,0
2,6,8.02,1,N,138,236,1,24.5,0,0.5,6.21,5.76,0.3,37.27,19.65,0
2,5,0.63,1,N,107,170,1,5.5,0,0.5,0.76,0,0.3,7.06,6.183333333333334,0
1,1,3.6,1,N,162,211,1,13,0.5,0.5,3.55,0,0.3,17.85,13.783333333333333,1
2,1,1.2,1,N,186,234,1,9,0.5,0.5,2.06,0,0.3,12.36,11.816666666666666,0
1,1,9.5,1,N,148,138,1,26.5,0,0.5,5.45,0,0.3,32.75,14.433333333333334,0
1,1,16.6,5,N,100,132,1,52,0,0,11.6,5.76,0.3,69.66,40.516666666666666,0
2,1,10.24,1,N,138,230,1,42,0,0.5,2,5.76,0.3,50.56,53.85,0
2,1,0.8,1,N,87,88,1,6,0,0.5,2,0,0.3,8.8,7.85,0
2,2,0.7,1,N,229,162,1,5,0.5,0.5,1.89,0,0.3,8.19,4.083333333333333,0
1,1,0.7,1,N,79,107,1,4.5,0.5,0.5,1.7,0,0.3,7.5,3.7,1
1,1,1.3,1,N,151,239,1,8.5,0,0.5,2.75,0,0.3,12.05,10.4,0
2,1,2.31,1,N,13,246,1,9.5,0,0.5,1.25,0,0.3,11.55,8.05,0
2,1,1.47,1,N,90,137,1,10.5,0.5,0.5,2.36,0,0.3,14.16,14.2,1
1,1,0.7,1,N,75,263,1,4.5,0.5,0.5,1.45,0,0.3,7.25,2.6166666666666667,0
1,1,1.7,1,N,142,186,1,8.5,0,0.5,2.75,0,0.3,12.05,9.7,1
1,1,16.9,2,N,164,132,1,52,0,0.5,5,5.76,0.3,63.56,69.96666666666667,0
2,2,0.9,1,N,161,229,1,8,0,0.5,1.76,0,0.3,10.56,11.066666666666666,0
1,2,2.1,1,N,162,236,1,8.5,0.5,0.5,1,0,0.3,10.8,7.416666666666667,1
2,6,1.05,1,N,263,74,1,5.5,0,0.5,1.58,0,0.3,7.88,4.416666666666667,0
2,1,11.9,1,N,87,138,1,33.5,0,0.5,6.86,0,0.3,41.16,21.283333333333335,0
2,1,1.07,1,N,50,239,1,6,0,0.5,1.2,0,0.3,8,5.25,1
2,1,0.78,1,N,263,141,1,4.5,0,0.5,1.06,0,0.3,6.36,3.6333333333333333,0
1,1,2.4,1,N,262,162,1,12,0.5,0.5,2.66,0,0.3,15.96,14.75,1
1,1,0.7,1,N,246,234,1,7,0,0.5,1.55,0,0.3,9.35,8.416666666666666,1
1,1,0.7,1,N,107,137,1,9,0,0.5,1.95,0,0.3,11.75,12.45,0
1,1,1.4,1,N,142,141,1,7,0.5,0.5,0.83,0,0.3,9.13,6.5,0
1,1,1.4,1,N,239,151,1,7.5,0.5,0.5,1,0,0.3,9.8,6.3,0
2,1,1.42,1,N,234,186,1,7.5,0,0.5,1.66,0,0.3,9.96,7.75,1
2,1,2.42,1,N,79,230,1,10,0.5,0.5,2.26,0,0.3,13.56,11.333333333333334,0
1,1,0.4,1,N,48,48,1,4,0,0.5,1.2,0,0.3,6,2.5,0
2,2,1.75,1,N,236,237,1,8.5,0,0.5,1.86,0,0.3,11.16,7.35,0
2,5,0.63,1,N,161,164,1,5,0.5,0.5,0.94,0,0.3,7.24,4.516666666666667,1
1,1,1.3,1,N,125,158,1,8.5,0.5,0.5,1.95,0,0.3,11.75,10.883333333333333,1
1,2,0.8,1,N,229,237,1,5,0,0.5,1.15,0,0.3,6.95,4.666666666666667,1
2,2,0.6,1,N,143,142,1,4,0.5,0.5,1.32,0,0.3,6.62,2.216666666666667,1
2,1,0.82,1,N,262,236,1,5.5,0,0.5,1.58,0,0.3,7.88,5.25,1
1,1,1.8,1,N,233,68,1,9.5,0.5,0.5,2.15,0,0.3,12.95,11.766666666666667,0
2,1,2.86,1,N,125,161,1,17.5,0,0.5,3.66,0,0.3,21.96,27.316666666666666,0
1,1,1.5,1,N,43,237,1,10.5,0,0.5,1,0,0.3,12.3,15.15,0
2,4,11.03,1,N,138,33,1,32.5,0.5,0.5,8.45,0,0.3,42.25,25.4,0
1,1,7.5,1,Y,141,87,1,21.5,0.5,0.5,5.7,0,0.3,28.5,10.883333333333333,0
2,5,3.53,1,N,148,140,1,13,0.5,0.5,2.14,0,0.3,16.44,13.45,0
2,1,4.2,1,N,75,229,1,13.5,0,0.5,4.29,0,0.3,18.59,12,0
1,1,0.8,1,N,164,48,1,6.5,0.5,0.5,1.55,0,0.3,9.35,7.15,0
1,2,5.1,1,N,145,239,1,19,0,0.5,2.97,0,0.3,22.77,21.616666666666667,1
2,6,0.51,1,N,140,141,1,4,0,0.5,0.82,0,0.3,5.62,2.8333333333333335,0
2,2,6.99,1,N,263,127,1,21,0.5,0.5,4.46,0,0.3,26.76,13.966666666666667,1
1,1,0.7,1,N,97,33,1,5.5,0.5,0.5,1.7,0,0.3,8.5,5.633333333333334,0
1,3,0.9,1,N,239,236,1,6.5,0,0.5,1.45,0,0.3,8.75,6.133333333333334,1
2,1,2.48,1,N,263,161,1,16,0,0.5,3.36,0,0.3,20.16,23.566666666666666,0
2,1,5.9,1,N,234,7,1,22.5,0.5,0.5,5.95,0,0.3,29.75,28.416666666666668,0
1,1,0.4,1,N,211,114,1,3.5,0,0.5,0.85,0,0.3,5.15,2.2666666666666666,0
2,1,0.69,1,N,234,107,1,5,0,0.5,1.16,0,0.3,6.96,4.3,1
2,1,0.93,1,N,263,262,1,5,0,0.5,0.75,0,0.3,6.55,4.516666666666667,1
2,4,1.34,1,N,100,107,1,9,0,0.5,2.94,0,0.3,12.74,11.366666666666667,0
2,1,3.69,1,N,88,232,1,13.5,0.5,0.5,3.7,0,0.3,18.5,12.4,0
1,1,7.3,1,N,249,7,1,28,0.5,0.5,7.3,0,0.3,36.6,37.583333333333336,0
2,2,0.8,1,N,170,100,1,5,0.5,0.5,1.26,0,0.3,7.56,4.733333333333333,1
2,1,1.18,1,N,162,186,1,11,0,0.5,2.5,0,0.3,14.3,16.533333333333335,0
2,2,5.9,1,N,138,74,1,24,0,0.5,6.11,5.76,0.3,36.67,34.65,0
2,2,0.96,1,N,164,161,1,6.5,0.5,0.5,1.56,0,0.3,9.36,6.75,0
1,4,0.8,1,N,48,142,1,7,0.5,0.5,1.65,0,0.3,9.95,8.266666666666667,1
1,4,2.3,1,N,246,161,1,13.5,0,0.5,2.85,0,0.3,17.15,20.183333333333334,1
2,1,2.48,1,N,236,48,1,15,0,0.5,2,0,0.3,17.8,22.333333333333332,1
2,1,1.08,1,N,237,236,1,9,0,0.5,1.96,0,0.3,11.76,12.683333333333334,0
2,1,1.69,1,N,48,137,1,12.5,0,0.5,2.2,0,0.3,15.5,19.083333333333332,0
2,1,1.68,1,N,90,114,1,10,0,0.5,2.16,0,0.3,12.96,12.65,0
2,1,2.37,1,N,234,237,1,11,0,0.5,1.25,0,0.3,13.05,13.5,1
2,1,3.83,1,N,114,140,1,13.5,0,0.5,2.14,0,0.3,16.44,14.3,0
1,1,2,1,N,142,164,1,9.5,0,0.5,2.06,0,0.3,12.36,10.55,1
1,2,5.7,1,N,107,189,1,22.5,0.5,0.5,4.75,0,0.3,28.55,27.8,0
2,1,1.35,1,N,48,233,1,8.5,0.5,0.5,1.96,0,0.3,11.76,10.866666666666667,0
2,1,0.68,1,N,231,13,1,5.5,0,0.5,2,0,0.3,8.3,4.966666666666667,0
2,2,2.8,1,N,161,249,1,12.5,0,0.5,2.66,0,0.3,15.96,16.2,0
2,1,2.86,1,N,100,79,1,11.5,0.5,0.5,3.2,0,0.3,16,12.833333333333334,0
2,1,3.06,1,N,144,48,1,23.5,0,0.5,4.86,0,0.3,29.16,38.71666666666667,0
1,1,1.5,1,Y,237,230,1,10,0,0.5,2.15,0,0.3,12.95,13.516666666666667,0
2,6,5.15,1,N,137,261,1,17,0,0.5,3.56,0,0.3,21.36,11.883333333333333,0
2,1,1.82,1,N,238,143,1,8.5,0,0.5,2.79,0,0.3,12.09,9.716666666666667,0
2,1,0.92,1,N,114,211,1,6.5,0.5,0.5,1.95,0,0.3,9.75,7.133333333333334,0
2,1,0.84,1,N,239,238,1,6,0,0.5,1.36,0,0.3,8.16,5.916666666666667,1
1,1,0.3,1,N,246,68,1,4,0,0.5,1.2,0,0.3,6,3.5,1
2,1,12.34,1,N,13,159,1,40.5,0,0.5,5,0,0.3,46.3,48.46666666666667,0
2,1,8.54,1,N,181,141,1,28.5,0.5,0.5,5.96,0,0.3,35.76,26.616666666666667,0
2,1,5.75,1,N,113,239,1,22.5,0.5,0.5,4.76,0,0.3,28.56,25.15,0
2,2,1.77,1,N,234,230,1,9,0.5,0.5,1.25,0,0.3,11.55,11.216666666666667,0
2,5,1.04,1,N,162,141,1,5.5,0.5,0.5,1,0,0.3,7.8,3.933333333333333,0
2,1,1.63,1,N,161,234,1,9,0,0.5,0.5,0,0.3,10.3,10.833333333333334,1
1,1,0.8,1,N,229,163,1,6,0,0.5,1.35,0,0.3,8.15,5.95,0
2,5,2.94,1,N,79,161,1,13,0,0.5,2.76,0,0.3,16.56,15.6,1
1,1,1.5,1,N,137,186,1,13.5,0,0.5,2.85,0,0.3,17.15,22.016666666666666,0
2,1,2.6,1,N,238,163,1,13.5,0,0.5,2.5,0,0.3,16.8,18.516666666666666,0
2,1,0.81,1,N,236,237,1,4.5,0.5,0.5,1,0,0.3,6.8,2.95,0
2,1,1.42,1,N,107,148,1,9,0.5,0.5,1,0,0.3,11.3,11.016666666666667,0
2,1,3.08,1,N,79,80,1,13.5,0.5,0.5,3.7,0,0.3,18.5,14.583333333333334,0
1,1,3.3,1,N,230,229,1,15,0.5,0.5,3.25,0,0.3,19.55,20.166666666666668,1
1,1,5.4,1,N,137,33,1,18,0,0.5,4.7,0,0.3,23.5,17.283333333333335,1
1,1,4.7,1,N,170,226,1,19,0.5,0.5,3.7,0,0.3,24,22.966666666666665,1
2,6,1.24,1,N,163,237,1,6.5,0.5,0.5,1.56,0,0.3,9.36,6.383333333333334,0
1,1,0.8,1,N,100,161,1,5,0,0.5,1,0,0.3,6.8,4.3,0
1,1,3.1,1,N,262,230,1,16,0,0.5,3.35,0,0.3,20.15,21.8,0
1,2,4.8,1,N,211,239,1,20,0.5,0.5,4.26,0,0.3,25.56,25.683333333333334,0
1,2,1.1,1,N,249,164,1,7.5,0.5,0.5,1.75,0,0.3,10.55,9.25,0
1,1,1.8,1,N,237,75,1,9.5,0,0.5,1,0,0.3,11.3,12.083333333333334,0
2,4,4.44,1,N,162,223,1,17,0.5,0.5,3.66,0,0.3,21.96,19.716666666666665,0
2,1,1.04,1,N,164,233,1,9.5,0,0.5,2.06,0,0.3,12.36,1411.1,0
1,1,2,1,N,79,186,1,10.5,0,0.5,1,0,0.3,12.3,12.333333333333334,0
2,1,0.95,1,N,79,137,1,6.5,0,0.5,10,0,0.3,17.3,7.416666666666667,0
2,1,0.88,1,N,79,114,1,5,0.5,0.5,1.26,0,0.3,7.56,4.283333333333333,0
2,1,2.92,1,N,161,113,1,14.5,0.5,0.5,3.16,0,0.3,18.96,20.45,0
2,1,2.52,1,N,114,246,1,11.5,0,0.5,1,0,0.3,13.3,11.85,1
1,1,12.2,1,N,138,66,1,33.5,0,0.5,0.4,0,0.3,34.7,18,0
1,2,10.4,1,N,138,230,1,44.5,0,0.5,9.05,0,0.3,54.35,57.766666666666666,0
2,1,1.34,1,N,237,263,1,8,0,0.5,1.76,0,0.3,10.56,9.033333333333333,0
2,1,1.01,1,N,140,262,1,5.5,0,0.5,1.7,0,0.3,8,4.033333333333333,1
2,1,1.18,1,N,224,234,1,7,0,0.5,2.34,0,0.3,10.14,7.016666666666667,0
1,1,0.9,1,N,79,170,1,5.5,0.5,0.5,1.35,0,0.3,8.15,4.116666666666666,0
2,5,2.98,1,N,239,90,1,15.5,0,0.5,3.26,0,0.3,19.56,21.85,0
2,2,0.96,1,N,107,170,1,5.5,0,0.5,1,0,0.3,7.3,3.8833333333333333,1
2,1,1.69,1,N,90,170,1,13,0,0.5,1.5,0,0.3,15.3,18.65,0
1,1,0.6,1,N,262,262,1,5,0,0.5,2,0,0.3,7.8,4.916666666666667,0
1,1,5,1,N,141,79,1,17.5,0,0.5,3.65,0,0.3,21.95,16.5,0
2,4,7.9,1,N,138,255,1,30.5,0,0.5,6.26,0,0.3,37.56,39.45,0
2,1,1.42,1,N,229,263,1,6,0.5,0.5,1.46,0,0.3,8.76,4.1,1
1,1,1.4,1,N,164,237,1,11.5,0,0.5,2.45,0,0.3,14.75,18.083333333333332,0
1,1,3.5,1,N,90,141,1,15.5,0.5,0.5,3.35,0,0.3,20.15,19.85,1
1,2,2.8,1,N,151,142,1,17.5,0,0.5,3.65,0,0.3,21.95,26.933333333333334,0
2,5,1.88,1,N,137,90,1,9,0.5,0.5,1.5,0,0.3,11.8,10.35,0
1,1,1,1,N,107,90,1,8,0,0.5,1,0,0.3,9.8,10.283333333333333,0
1,1,2,1,N,107,211,1,10.5,0,0.5,1,0,0.3,12.3,12.633333333333333,0
2,3,1.36,1,N,164,233,1,7.5,0,0.5,1,0,0.3,9.3,8.55,1
1,1,0.6,1,N,263,75,1,5.5,0,0.5,1.25,0,0.3,7.55,5.6,0
2,1,2.36,1,N,162,90,1,10,0.5,0.5,3.39,0,0.3,14.69,10.516666666666667,0
1,1,1.9,1,N,141,170,1,10.5,0.5,0.5,2.35,0,0.3,14.15,13.7,0
2,5,3.11,1,N,137,236,1,10,0.5,0.5,2.82,0,0.3,14.12,7.1,1
2,1,1.59,1,N,158,148,1,9,0.5,0.5,1.5,0,0.3,11.8,10.616666666666667,0
2,1,2.54,1,N,161,79,1,12.5,0,0.5,2.66,0,0.3,15.96,17.083333333333332,0
2,1,1.46,1,N,234,246,1,8,0,0.5,1,0,0.3,9.8,8.983333333333333,1
1,2,0.4,1,Y,107,234,1,4.5,0.5,0.5,1.45,0,0.3,7.25,3.966666666666667,1
1,2,4.3,1,N,161,231,1,20.5,0.5,0.5,4.35,0,0.3,26.15,30.116666666666667,0
2,5,1.27,1,N,186,48,1,7,0.5,0.5,1.66,0,0.3,9.96,7.5,0
2,4,2.54,1,N,229,79,1,9.5,0,0.5,1,0,0.3,11.3,7.833333333333333,1
2,1,2.21,1,N,143,161,1,11,0,0.5,2,0,0.3,13.8,12.95,0
2,6,0.98,1,N,249,107,1,7.5,0,0.5,0.83,0,0.3,9.13,9.716666666666667,0
2,1,1.26,1,N,87,231,1,6.5,0.5,0.5,1.2,0,0.3,9,7.466666666666667,0
1,1,0.7,1,N,141,262,1,4,0,0.5,0.5,0,0.3,5.3,1.8333333333333333,1
2,2,2.66,1,N,79,229,1,10,0.5,0.5,2.26,0,0.3,13.56,9.55,1
2,1,0.97,1,N,186,230,1,6.5,0.5,0.5,1.56,0,0.3,9.36,6.433333333333334,1
2,1,0.54,1,N,231,13,1,5.5,0,0.5,1.26,0,0.3,7.56,5.366666666666666,0
2,1,2.45,1,N,142,230,1,13,0,0.5,1.5,0,0.3,15.3,18,0
1,2,1.2,1,N,107,4,1,7,0,0.5,1.55,0,0.3,9.35,6.316666666666666,1
1,1,1.5,1,N,229,170,1,8.5,0,0.5,1.4,0,0.3,10.7,9.516666666666667,0
1,1,4,1,N,239,90,1,16,0,0.5,2,0,0.3,18.8,17.616666666666667,0
2,1,10.23,1,N,138,90,1,32.5,0,0.5,2,5.76,0.3,41.06,31.666666666666668,0
2,5,1.44,1,N,74,43,1,10,0,0.5,2.16,0,0.3,12.96,14.666666666666666,0
2,2,2.07,1,N,142,229,1,12,0.5,0.5,2,0,0.3,15.3,16.533333333333335,0
1,1,0.8,1,N,48,68,1,7,0,0.5,1.55,0,0.3,9.35,8.15,1
1,1,1.9,1,N,237,230,1,15,0,0.5,3.15,0,0.3,18.95,23.983333333333334,0
2,1,0.54,1,N,141,263,1,5,0,0.5,1.16,0,0.3,6.96,4.366666666666666,0
2,6,2.51,1,N,263,161,1,10.5,0.5,0.5,2.36,0,0.3,14.16,11.15,0
1,1,4.4,1,N,125,112,1,17,0.5,0.5,3.65,0,0.3,21.95,17.666666666666668,0
2,1,0.9,1,N,231,114,1,5,0.5,0.5,1.58,0,0.3,7.88,3.7,0
2,1,2.62,1,N,237,113,1,11.5,0.5,0.5,2.56,0,0.3,15.36,13.866666666666667,0
2,1,0.31,1,N,170,170,1,3.5,0,0.5,0.86,0,0.3,5.16,2.25,0
2,1,2.53,1,N,186,43,1,12,0,0.5,2.56,0,0.3,15.36,15.55,0
1,1,1.1,1,N,79,107,1,6.5,0,0.5,1,0,0.3,8.3,6.466666666666667,0
2,1,6.38,1,N,229,33,1,19.5,0,0.5,4.06,0,0.3,24.36,15.166666666666666,1
2,1,1.11,1,N,236,263,1,6.5,0,0.5,1.46,0,0.3,8.76,7.033333333333333,0
2,6,3.7,1,N,186,262,1,16,0,0.5,3.36,0,0.3,20.16,21.933333333333334,0
1,1,9.1,1,N,138,137,1,27.5,0.5,0.5,5,5.76,0.3,39.56,21.183333333333334,1
2,1,13.18,1,N,138,113,1,39.5,0.5,0.5,9.31,5.76,0.3,55.87,36.18333333333333,1
2,1,2.8,1,N,43,166,1,13.5,0,0.5,3.58,0,0.3,17.88,17.233333333333334,1
2,1,1.54,1,N,262,43,1,8,0,0.5,2.2,0,0.3,11,9.583333333333334,1
1,1,1.8,1,N,246,90,1,9,0,0.5,1.47,0,0.3,11.27,10.666666666666666,1
1,1,8.7,1,N,48,33,1,31.5,0,0.5,6.45,0,0.3,38.75,34.63333333333333,0
2,2,0.99,1,N,170,137,1,6,0,0.5,1.36,0,0.3,8.16,6.3,1
2,1,1.04,1,N,239,238,1,6.5,0,0.5,11,0,0.3,18.3,6.533333333333333,0
2,1,2.56,1,N,164,236,1,10.5,0,0.5,2.3,0,0.3,13.6,12.283333333333333,1
1,1,2.8,1,N,166,244,1,13,0,0.5,2.75,0,0.3,16.55,14.783333333333333,0
2,2,17.05,2,N,142,132,1,52,0,0.5,13.2,0,0.3,66,54.983333333333334,0
2,2,0.5,1,N,79,148,1,6.5,0.5,0.5,1.95,0,0.3,9.75,8.433333333333334,1
1,1,2.1,1,N,162,262,1,10,0.5,0.5,2.25,0,0.3,13.55,11.033333333333333,0
1,1,2.4,1,N,234,229,1,13,0,0.5,2.2,0,0.3,16,17.55,0
2,1,3.65,1,N,239,116,1,13,0,0.5,2.76,0,0.3,16.56,12.816666666666666,1
2,5,16.56,2,N,215,230,1,52,0,0.5,14.64,5.76,0.3,73.2,46.85,0
1,1,2,1,N,238,163,1,11.5,0,0.5,2.45,0,0.3,14.75,16.366666666666667,0
2,1,2.83,1,N,148,80,1,11,0.5,0.5,3.08,0,0.3,15.38,9.983333333333333,0
1,1,0.5,1,N,107,107,1,4,0.5,0.5,1,0,0.3,6.3,2.933333333333333,0
1,1,2.2,1,N,162,263,1,11.5,0,0.5,3.05,0,0.3,15.35,14.75,0
2,4,0.99,1,N,237,162,1,6,0,0.5,1.36,0,0.3,8.16,5.166666666666667,1
1,2,1.3,1,N,164,162,1,8.5,0,0.5,1,0,0.3,10.3,10.233333333333333,0
2,1,2.53,1,N,41,236,1,9,0,0.5,1.96,0,0.3,11.76,8.6,1
2,1,2.09,1,N,79,170,1,8.5,0.5,0.5,1.96,0,0.3,11.76,7.45,1
1,1,2.6,1,N,238,237,1,13.5,0,0.5,2.85,0,0.3,17.15,17.416666666666668,1
2,2,2.27,1,N,24,116,1,10.5,0.5,0.5,2.95,0,0.3,14.75,10.1,1
2,1,2.64,1,N,234,43,1,23,0,0.5,4.76,0,0.3,28.56,39.93333333333333,0
2,1,10.74,1,N,237,138,1,32,0,0.5,7.71,5.76,0.3,46.27,24.183333333333334,0
2,1,1.97,1,N,170,141,1,8.5,0.5,0.5,1.96,0,0.3,11.76,9,0
2,2,4.32,1,N,211,143,1,16.5,0.5,0.5,2.5,0,0.3,20.3,19.416666666666668,1
2,2,1.09,1,N,68,249,1,5.5,0,0.5,1,0,0.3,7.3,4.016666666666667,1
2,1,5.95,1,N,148,226,1,20.5,0.5,0.5,2,0,0.3,23.8,17.533333333333335,1
1,1,0.9,1,N,90,107,1,5.5,0.5,0.5,1.35,0,0.3,8.15,5.116666666666666,0
2,2,0.59,1,N,107,113,1,4.5,0.5,0.5,1.74,0,0.3,7.54,3.966666666666667,1
2,5,11.18,1,N,161,138,1,32.5,0,0.5,7.81,5.76,0.3,46.87,26.066666666666666,1
1,1,17.9,2,N,132,234,1,52,0,0.5,11.7,5.76,0.3,70.26,45.15,0
2,1,2.16,1,N,186,229,1,10.5,0,0.5,2.03,0,0.3,13.33,13.216666666666667,0
2,1,1.01,1,N,239,43,1,8,0,0.5,1.76,0,0.3,10.56,10.45,0
1,1,0.4,1,N,140,140,1,4,0,0.5,1.2,0,0.3,6,1.8,1
2,1,2.33,1,N,68,239,1,8.5,0,0.5,1.5,0,0.3,10.8,6.65,0
1,3,1,1,N,100,90,1,6,0.5,0.5,1.45,0,0.3,8.75,6.766666666666667,0
2,1,1.34,1,N,249,231,1,7,0,0.5,1,0,0.3,8.8,7.316666666666666,1
1,1,0.5,1,N,142,142,1,4.5,0,0.5,1.05,0,0.3,6.35,3.9166666666666665,0
2,5,0.53,1,N,107,137,1,4.5,0.5,0.5,1.45,0,0.3,7.25,3.3666666666666667,1
2,1,4.01,1,N,230,261,1,17.5,0,0.5,4.58,0,0.3,22.88,24.866666666666667,0
2,1,3.27,1,N,249,142,1,12.5,0.5,0.5,2.76,0,0.3,16.56,12.25,0
2,1,1.42,1,N,186,163,1,6.5,0,0.5,1,0,0.3,8.3,6.25,0
1,2,7.8,1,N,164,160,1,24,0.5,0.5,6,5.76,0.3,37.06,18.55,0
2,1,1.04,1,N,239,142,1,6,0,0.5,1.36,0,0.3,8.16,5.366666666666666,0
2,5,0.65,1,N,79,107,1,6,0,0.5,1,0,0.3,7.8,5.966666666666667,1
2,5,1.1,1,N,262,237,1,7,0,0.5,1.56,0,0.3,9.36,7.95,0
2,6,3.65,1,N,236,107,1,16,0,0.5,2.52,0,0.3,19.32,21.466666666666665,1
1,1,2.9,1,N,88,68,1,12.5,0.5,0.5,1.2,0,0.3,15,14.35,1
1,1,0.7,1,N,79,113,1,5.5,0.5,0.5,0.68,0,0.3,7.48,5.783333333333333,0
2,1,9.11,1,N,100,188,1,32.5,0.5,0.5,6.76,0,0.3,40.56,41.6,0
1,1,1,1,N,186,246,1,9,0,0.5,3,0,0.3,12.8,12.2,0
1,1,2.2,1,N,148,137,1,9.5,0.5,0.5,2.15,0,0.3,12.95,9.25,0
2,1,3.11,1,N,246,237,1,14.5,0,0.5,2.3,0,0.3,17.6,19.366666666666667,0
1,1,3.2,1,N,170,236,1,16.5,0,0.5,2,0,0.3,19.3,24.3,0
2,1,0.71,1,N,234,186,1,5.5,0,0.5,1.58,0,0.3,7.88,6.2,1
2,1,2.22,1,N,236,162,1,16,0,0.5,3.36,0,0.3,20.16,25.283333333333335,0
2,1,2.96,1,N,68,143,1,14.5,0,0.5,2,0,0.3,17.3,17.116666666666667,1
1,3,3,1,N,229,114,1,16.5,0,0.5,3,0,0.3,20.3,24.933333333333334,1
2,1,1.95,1,N,262,75,1,10,0,0.5,2.16,0,0.3,12.96,12.383333333333333,0
1,1,1.1,1,N,100,90,1,5,0,0.5,1.15,0,0.3,6.95,2.716666666666667,1
1,2,3.9,1,N,231,164,1,15.5,0.5,0.5,3.35,0,0.3,20.15,18.216666666666665,1
2,6,1.31,1,N,48,162,1,7.5,0.5,0.5,1.5,0,0.3,10.3,8.416666666666666,1
1,1,1.5,1,N,137,79,1,9,0.5,0.5,3.05,0,0.3,13.35,10.966666666666667,1
1,1,1.6,1,N,168,75,1,6.5,0.5,0.5,1.95,0,0.3,9.75,5.383333333333334,1
1,1,6.1,1,N,13,164,1,21.5,0.5,0.5,4.55,0,0.3,27.35,19.65,0
2,1,7.82,1,N,141,13,1,24.5,0,0.5,5.06,0,0.3,30.36,18.916666666666668,1
1,1,0.9,1,N,236,236,1,6.5,0,0.5,1.46,0,0.3,8.76,7.133333333333334,0
2,1,0.51,1,N,114,79,1,4.5,0,0.5,1.06,0,0.3,6.36,3.566666666666667,0
2,1,2.26,1,N,79,162,1,11,0,0.5,2.95,0,0.3,14.75,14.816666666666666,0
2,3,2.42,1,N,162,113,1,9.5,0.5,0.5,2.16,0,0.3,12.96,9.616666666666667,0
2,2,1.26,1,N,230,233,1,7,0.5,0.5,2.49,0,0.3,10.79,7.25,1
1,1,1.6,1,N,236,238,1,8,0,0.5,1.76,0,0.3,10.56,7.833333333333333,1
2,1,0.74,1,N,230,230,1,5.5,0.5,0.5,1.36,0,0.3,8.16,5.85,0
1,1,2,1,N,163,137,1,10,0.5,0.5,3.35,0,0.3,14.65,12.733333333333333,0
1,1,2.6,1,N,146,142,1,11.5,0,0.5,1.85,0,0.3,14.15,12.3,1
1,1,4.2,1,N,186,262,1,19,0,0.5,1,0,0.3,20.8,27.283333333333335,0
1,1,1.1,1,N,79,164,1,8,0,0.5,1.75,0,0.3,10.55,9.566666666666666,0
1,1,1.1,1,N,249,68,1,5.5,0,0.5,1.25,0,0.3,7.55,4.333333333333333,0
2,6,0.7,1,N,140,262,1,5.5,0,0.5,1.26,0,0.3,7.56,5.216666666666667,1
2,2,3.1,1,N,148,230,1,14.5,0,0.5,3.82,0,0.3,19.12,19.616666666666667,1
2,2,19.12,2,N,166,132,1,52,0,0.5,11.71,5.76,0.3,70.27,48.416666666666664,0
2,1,0.79,1,N,161,170,1,6.5,0,0.5,1.46,0,0.3,8.76,8.4,0
2,1,1.59,1,N,162,186,1,8.5,0.5,0.5,1.96,0,0.3,11.76,9.783333333333333,0
1,1,2.4,1,N,141,143,1,11,0.5,0.5,1,0,0.3,13.3,12.333333333333334,0
1,4,1.6,1,N,186,48,1,10.5,0,0.5,2,0,0.3,13.3,14,0
2,1,20.81,2,N,132,45,1,52,0,0.5,13.2,0,0.3,66,49.31666666666667,1
2,5,1.38,1,N,79,68,1,7.5,0.5,0.5,1.76,0,0.3,10.56,9.05,0
1,1,3.7,1,N,24,50,1,17,0,0.5,3.55,0,0.3,21.35,21.35,0
2,1,0.94,1,N,162,100,1,7.5,0,0.5,1.66,0,0.3,9.96,10.033333333333333,0
2,1,1.87,1,N,238,143,1,10,0,0.5,3.24,0,0.3,14.04,12.55,0
2,1,2.42,1,N,151,263,1,10,0.5,0.5,2.26,0,0.3,13.56,10.666666666666666,0
1,1,1.3,1,N,237,170,1,8.5,0,0.5,1.5,0,0.3,10.8,10.416666666666666,0
1,1,1,1,N,211,231,1,6,0,0.5,1.35,0,0.3,8.15,5.933333333333334,0
2,1,1.22,1,N,75,237,1,7.5,0,0.5,1.66,0,0.3,9.96,8.316666666666666,0
2,1,5.09,1,N,107,43,1,18.5,0.5,0.5,4.95,0,0.3,24.75,21.333333333333332,1
1,1,2.1,1,N,48,113,1,9.5,0,0.5,2.05,0,0.3,12.35,10.083333333333334,1
1,2,5.9,1,N,233,33,1,18.5,0,0.5,3.85,0,0.3,23.15,14.9,0
2,1,5.12,1,N,13,142,1,21,0,0.5,4.36,0,0.3,26.16,26.266666666666666,0
2,1,7.49,1,N,226,70,1,22.5,0.5,0.5,4.76,0,0.3,28.56,14.9,0
2,2,0.75,1,N,75,263,1,5,0,0.5,0.58,0,0.3,6.38,4.766666666666667,1
2,1,2.52,1,N,141,186,1,15.5,0,0.5,4.08,0,0.3,20.38,23.033333333333335,0
1,1,1.7,1,N,249,79,1,10,0.5,0.5,3.35,0,0.3,14.65,14.016666666666667,1
1,1,0.4,1,N,234,90,1,4,0.5,0.5,1.3,0,0.3,6.6,2.5,0
1,1,0.8,1,N,68,246,1,6,0,0.5,1.35,0,0.3,8.15,6.216666666666667,1
2,1,2.15,1,N,143,246,1,9.5,0,0.5,2.06,0,0.3,12.36,10.933333333333334,1
2,5,1.36,1,N,164,161,1,9.5,0,0.5,2.58,0,0.3,12.88,12.633333333333333,0
2,1,19.16,2,N,132,140,1,52,0,0.5,11.71,5.76,0.3,70.27,62.15,1
1,1,1,1,N,170,186,1,13.5,0,0.5,2.85,0,0.3,17.15,22.216666666666665,0
2,1,2.47,1,N,148,234,1,11,0.5,0.5,2.46,0,0.3,14.76,11.816666666666666,0
1,1,1.3,1,N,107,114,1,9,0.5,0.5,0.51,0,0.3,10.81,10.65,0
2,5,4.02,1,N,249,256,1,13.5,0.5,0.5,1,0,0.3,15.8,12.65,1
1,1,6.1,1,N,231,89,1,24,0.5,0.5,4.5,0,0.3,29.8,28.1,1
2,1,1.8,1,N,170,163,1,10,0,0.5,2.7,0,0.3,13.5,12.866666666666667,0
2,1,2.52,1,N,68,163,1,9.5,0.5,0.5,2.16,0,0.3,12.96,7.95,0
2,1,1.55,1,N,234,170,1,12.5,0,0.5,1,0,0.3,14.3,18.333333333333332,0
2,1,3.58,1,N,249,43,1,17,0.5,0.5,3.66,0,0.3,21.96,24.133333333333333,1
2,1,7.85,1,N,138,145,1,24,0.5,0.5,5.06,0,0.3,30.36,18.666666666666668,0
2,6,1.4,1,N,162,164,1,11.5,0,0.5,3.08,0,0.3,15.38,17.516666666666666,0
1,2,4.1,1,N,142,114,1,15,0,0.5,3.15,0,0.3,18.95,16.25,0
2,1,0.93,1,N,125,249,1,5.5,0,0.5,1.26,0,0.3,7.56,5.283333333333333,1
1,1,0.7,1,N,164,234,1,5,0.5,0.5,0.95,0,0.3,7.25,4.2,1
1,1,2.7,1,N,234,231,1,10.5,0,0.5,0.57,0,0.3,11.87,10.516666666666667,0
2,1,1.5,1,N,142,229,1,8,0,0.5,1.5,0,0.3,10.3,10.183333333333334,1
1,1,0.7,1,N,239,142,1,6.5,0,0.5,1,0,0.3,8.3,7.766666666666667,0
2,1,4.17,1,N,263,107,1,14,0.5,0.5,3.06,0,0.3,18.36,11.083333333333334,0
2,1,0.87,1,N,100,164,1,5.5,0.5,0.5,1.7,0,0.3,8.5,5.5,0
1,1,2.2,1,N,239,166,1,10.5,0,0.5,2.26,0,0.3,13.56,11.516666666666667,1
2,2,0.74,1,N,90,107,1,9,0,0.5,1.96,0,0.3,11.76,12.766666666666667,1
2,1,1.9,1,N,162,48,1,13,0,0.5,1,0,0.3,14.8,19.833333333333332,0
1,1,1.8,1,N,161,141,1,8.5,0.5,0.5,1.95,0,0.3,11.75,9.2,0
1,1,10.7,1,N,161,138,1,30,0.5,0.5,9.25,5.8,0.3,46.35,16.933333333333334,0
2,5,0.58,1,N,142,143,1,4,0.5,0.5,1.06,0,0.3,6.36,2.8,1
2,1,1.56,1,N,79,249,1,10.5,0.5,0.5,2.36,0,0.3,14.16,14.3,1
2,1,1.28,1,N,237,75,1,6,0.5,0.5,2.19,0,0.3,9.49,4.783333333333333,1
2,1,3.39,1,N,79,48,1,19.5,0,0.5,4.06,0,0.3,24.36,29.633333333333333,1
1,1,2.6,1,N,234,13,1,12.5,0,0.5,2.65,0,0.3,15.95,15.8,0
2,1,0.58,1,N,100,230,1,5,0.5,0.5,1.58,0,0.3,7.88,4.583333333333333,0
2,1,0.76,1,N,90,113,1,6.5,0,0.5,1.46,0,0.3,8.76,7.916666666666667,1
2,2,1.69,1,N,162,186,1,8,0,0.5,2,0,0.3,10.8,8.183333333333334,1
2,1,2.41,1,N,43,162,1,12.5,0,0.5,2.66,0,0.3,15.96,16.433333333333334,0
2,1,1.67,1,N,170,43,1,11.5,0,0.5,2.46,0,0.3,14.76,16.6,1
2,2,1.55,1,N,113,137,1,10,0.5,0.5,1.75,0,0.3,13.05,13.25,0
